,altitude_mean_meters,Aroma,Flavor,Aftertaste,Acidity,Body,Variety,Balance,Uniformity,Clean.Cup,Sweetness,Cupper.Points,Moisture,Country.of.Origin,Category.One.Defects,Category.Two.Defects,Total.Cup.Points
1,2075.0,8.75,8.67,8.5,8.58,8.42,Other,8.42,10.0,10.0,10.0,8.58,0.12,Ethiopia,0,1,89.92
2,1700.0,8.42,8.5,8.42,8.42,8.33,Bourbon,8.42,10.0,10.0,10.0,9.25,0.0,Guatemala,0,0,89.75
4,2075.0,8.25,8.5,8.25,8.5,8.42,Other,8.33,10.0,10.0,10.0,8.58,0.12,Ethiopia,0,2,88.83
9,1822.5,8.08,8.58,8.5,8.5,7.67,Other,8.42,10.0,10.0,10.0,8.5,0.1,Ethiopia,0,4,88.25
11,1872.0,8.25,8.42,8.17,8.33,8.08,Other,8.17,10.0,10.0,10.0,8.5,0.0,United States,0,0,87.92
12,1943.0,8.08,8.67,8.33,8.42,8.0,Other,8.08,10.0,10.0,10.0,8.33,0.0,United States,0,0,87.92
15,2080.0,8.0,8.5,8.58,8.17,8.17,Other,8.0,10.0,10.0,10.0,8.17,0.0,United States,0,0,87.58
18,1450.0,8.42,8.25,8.08,8.17,7.92,Catimor,8.0,10.0,10.0,10.0,8.42,0.1,China,0,0,87.25
19,1850.0,8.17,8.17,8.0,8.17,8.08,Ethiopian Yirgacheffe,8.33,10.0,10.0,10.0,8.33,0.0,Ethiopia,0,8,87.25
20,2019.0,8.0,8.25,8.08,8.5,8.25,Other,8.0,10.0,10.0,10.0,8.17,0.0,United States,0,0,87.25
21,1300.0,8.08,8.25,8.0,8.17,8.0,Caturra,8.33,10.0,10.0,10.0,8.33,0.11,Costa Rica,0,2,87.17
22,1320.0,8.17,8.25,8.17,8.0,7.83,Other,8.17,10.0,10.0,10.0,8.58,0.13,Mexico,0,0,87.17
23,2112.0,8.25,8.33,8.17,8.17,7.83,Other,8.17,10.0,10.0,10.0,8.17,0.0,United States,0,0,87.08
25,1250.0,8.5,8.5,8.0,8.0,8.0,Bourbon,8.0,10.0,10.0,10.0,7.92,0.12,Brazil,0,2,86.92
27,1950.0,8.42,8.17,8.17,8.17,7.83,SL14,7.92,10.0,10.0,10.0,8.17,0.12,Uganda,0,1,86.83
28,1400.0,8.17,8.08,8.08,8.0,8.08,Caturra,8.0,10.0,10.0,10.0,8.25,0.1,Honduras,0,3,86.67
29,1200.0,8.0,8.0,8.0,8.25,8.0,Sumatra,8.17,10.0,10.0,10.0,8.17,0.0,Taiwan,0,0,86.58
32,1300.0,8.5,8.17,8.0,7.75,8.0,Bourbon,8.0,10.0,10.0,10.0,8.0,0.12,Brazil,0,2,86.42
33,1300.0,8.17,7.83,8.0,8.08,7.83,Caturra,8.0,10.0,10.0,10.0,8.42,0.0,Costa Rica,0,0,86.33
35,1800.0,8.08,8.0,8.0,8.25,7.92,SL34,7.92,10.0,10.0,10.0,8.08,0.12,Kenya,0,1,86.25
39,1941.0,7.67,8.17,8.0,8.0,8.17,Other,8.08,10.0,10.0,10.0,8.08,0.0,United States,0,0,86.17
40,1300.0,7.83,8.33,7.83,8.25,7.58,Caturra,7.92,10.0,10.0,10.0,8.42,0.1,Thailand,1,9,86.17
41,12.0,8.17,7.92,7.92,7.75,8.33,Yellow Bourbon,8.0,10.0,10.0,10.0,8.08,0.08,Brazil,0,2,86.17
42,12.0,8.42,7.92,8.0,7.75,7.92,Yellow Bourbon,8.0,10.0,10.0,10.0,8.17,0.01,Brazil,0,3,86.17
43,1000.0,8.08,8.17,7.75,8.08,7.75,Bourbon,7.83,10.0,10.0,10.0,8.42,0.12,Taiwan,0,0,86.08
44,1754.0,8.08,8.08,8.0,8.0,7.83,SL28,8.08,10.0,10.0,10.0,8.0,0.11,Kenya,0,2,86.08
45,1250.0,8.33,8.0,8.0,8.0,7.75,Bourbon,8.0,10.0,10.0,10.0,8.0,0.11,Brazil,0,2,86.08
47,1200.0,7.75,7.92,7.83,8.08,8.08,Caturra,8.17,10.0,10.0,10.0,8.17,0.12,Colombia,1,1,86.0
48,1860.0,7.92,8.17,7.83,8.5,7.5,SL28,7.92,10.0,10.0,10.0,8.17,0.11,Kenya,0,1,86.0
49,1650.0,8.25,8.0,7.83,8.08,8.0,Other,7.92,10.0,10.0,10.0,7.92,0.1,Uganda,0,0,86.0
53,1650.0,8.17,8.17,7.92,8.08,7.83,SL14,7.75,10.0,10.0,10.0,8.0,0.12,Uganda,0,0,85.92
54,1800.0,8.0,8.0,8.0,8.17,7.83,Caturra,8.0,10.0,10.0,10.0,7.92,0.0,Colombia,1,0,85.92
55,1600.0,8.0,8.0,7.92,8.08,7.83,Gesha,8.0,10.0,10.0,10.0,8.0,0.08,Panama,0,0,85.83
57,1524.0,7.83,8.0,8.0,8.17,7.83,Bourbon,8.0,10.0,10.0,10.0,8.0,0.12,Guatemala,0,3,85.83
58,1417.32,8.0,8.0,7.83,8.33,7.83,Catuai,7.83,10.0,10.0,10.0,8.0,0.1,Guatemala,0,1,85.83
62,1500.0,7.92,8.17,8.0,7.92,7.75,Bourbon,7.83,10.0,10.0,10.0,8.0,0.1,El Salvador,0,3,85.58
63,1350.0,7.83,8.0,8.0,7.75,7.92,Bourbon,8.17,10.0,10.0,10.0,7.92,0.11,El Salvador,0,0,85.58
65,1680.0,8.0,7.75,7.83,7.83,7.67,Caturra,8.58,10.0,10.0,10.0,7.83,0.09,Panama,2,2,85.5
66,1900.0,7.92,7.92,7.83,8.08,7.83,SL28,7.92,10.0,10.0,10.0,8.0,0.1,Kenya,0,3,85.5
67,1900.0,7.83,8.0,7.83,7.92,7.83,Other,8.08,10.0,10.0,10.0,8.0,0.12,Ethiopia,0,7,85.5
68,1600.0,8.33,7.92,7.67,7.92,7.67,SL14,7.92,10.0,10.0,10.0,8.08,0.12,Uganda,0,1,85.5
69,1731.264,8.0,7.83,7.67,8.33,7.83,Bourbon,8.0,10.0,10.0,10.0,7.83,0.11,Guatemala,0,1,85.5
71,1950.0,8.08,8.0,7.83,7.67,8.0,SL14,7.83,10.0,10.0,10.0,8.0,0.12,Uganda,0,5,85.42
73,1250.0,8.0,8.0,8.0,7.67,7.75,Bourbon,8.0,10.0,10.0,10.0,8.0,0.11,Brazil,0,1,85.42
75,1700.0,8.0,8.0,8.0,7.83,7.83,Catimor,7.75,10.0,10.0,10.0,7.92,0.1,China,0,0,85.33
76,1770.0,7.83,7.75,7.83,7.67,7.83,Pacamara,8.58,10.0,10.0,10.0,7.83,0.11,Guatemala,0,1,85.33
77,1300.0,7.92,8.08,8.0,7.92,8.0,Caturra,8.08,10.0,10.0,9.33,8.0,0.0,Costa Rica,0,0,85.33
78,1300.0,8.0,7.58,7.58,7.67,8.08,Caturra,8.5,10.0,10.0,10.0,7.92,0.1,Costa Rica,0,2,85.33
79,1600.0,7.83,8.08,7.75,8.08,7.92,SL34,7.75,10.0,10.0,10.0,7.92,0.0,Kenya,0,2,85.33
80,1200.0,8.0,7.92,7.92,8.08,7.83,SL34,7.75,10.0,10.0,10.0,7.83,0.0,Kenya,0,6,85.33
84,1550.0,8.17,7.92,7.83,8.0,7.58,Caturra,7.83,10.0,10.0,10.0,7.92,0.11,Colombia,0,0,85.25
85,1550.0,7.58,8.08,7.92,7.83,8.0,Caturra,7.92,10.0,10.0,10.0,7.92,0.12,Colombia,0,2,85.25
86,1325.0,7.75,7.83,7.67,8.0,8.08,Sumatra Lintong,7.83,10.0,10.0,10.0,8.0,0.11,Indonesia,0,3,85.17
87,1400.0,8.25,8.0,7.67,7.92,7.75,Caturra,7.67,10.0,10.0,10.0,7.92,0.0,Guatemala,0,7,85.17
89,2560.0,8.17,7.83,7.58,8.08,8.0,Caturra,7.75,10.0,10.0,10.0,7.67,0.0,Colombia,0,0,85.08
92,2136.0,7.83,8.0,7.75,7.75,7.83,Caturra,7.83,10.0,10.0,10.0,8.08,0.11,Colombia,0,8,85.08
96,1800.0,8.17,7.92,7.75,7.75,7.67,SL14,7.75,10.0,10.0,10.0,8.0,0.11,Uganda,0,1,85.0
98,1900.0,7.83,8.0,7.58,7.92,7.92,Catuai,7.83,10.0,10.0,10.0,7.92,0.12,Costa Rica,1,1,85.0
99,1300.0,7.83,8.0,7.83,7.75,7.67,Typica,7.83,10.0,10.0,10.0,8.08,0.09,Mexico,0,3,85.0
101,1580.0,7.75,7.83,7.75,8.08,8.0,SL34,7.75,10.0,10.0,10.0,7.83,0.0,Kenya,0,5,85.0
102,1100.0,8.0,8.0,7.83,7.83,7.67,Mundo Novo,7.67,10.0,10.0,10.0,8.0,0.12,Brazil,0,3,85.0
103,1400.0,7.92,8.17,7.75,8.08,7.42,Pacamara,7.83,10.0,10.0,10.0,7.83,0.0,Mexico,0,0,85.0
107,1775.0,7.92,7.83,7.75,7.83,7.75,Caturra,8.0,10.0,10.0,10.0,7.83,0.12,Colombia,0,1,84.92
108,800.0,7.67,7.83,8.0,7.58,8.0,Typica,7.92,10.0,10.0,10.0,7.92,0.11,Taiwan,0,0,84.92
109,1620.0,8.0,7.83,7.83,7.92,7.75,Other,7.75,10.0,10.0,10.0,7.83,0.12,"Tanzania, United Republic Of",0,2,84.92
110,1775.0,7.75,7.92,7.83,7.75,7.75,Caturra,8.0,10.0,10.0,10.0,7.92,0.11,Colombia,0,3,84.92
111,1200.0,7.75,8.0,7.75,7.83,7.5,Typica,7.92,10.0,10.0,10.0,8.17,0.11,Mexico,0,0,84.92
112,1200.0,8.0,7.92,7.75,7.75,8.0,Bourbon,7.75,10.0,10.0,10.0,7.75,0.11,Brazil,0,2,84.92
113,1000.0,8.0,8.0,7.75,8.0,7.5,Catuai,7.75,10.0,10.0,10.0,7.92,0.12,Brazil,0,2,84.92
115,350.0,7.92,7.58,7.83,7.83,7.83,Typica,7.83,10.0,10.0,10.0,8.0,0.0,Taiwan,0,0,84.83
116,1650.0,7.75,7.92,7.67,7.67,8.25,SL14,7.75,10.0,10.0,10.0,7.83,0.12,Uganda,0,1,84.83
121,1800.0,7.92,7.83,7.58,7.92,7.75,SL34,7.83,10.0,10.0,10.0,7.92,0.13,Kenya,0,0,84.75
122,1450.0,7.83,7.75,8.0,7.67,7.67,Catuai,7.67,10.0,10.0,10.0,8.17,0.11,Honduras,0,4,84.75
125,1350.0,7.83,7.83,7.5,8.0,7.83,Bourbon,7.67,10.0,10.0,10.0,8.0,0.0,El Salvador,0,2,84.67
126,1200.0,7.92,7.83,7.75,7.75,7.75,Java,7.75,10.0,10.0,10.0,7.92,0.12,Indonesia,0,7,84.67
127,170.0,7.75,7.75,7.75,7.42,8.08,Mundo Novo,7.83,10.0,10.0,10.0,8.08,0.12,Japan,0,0,84.67
128,1150.0,8.08,7.75,7.67,7.83,7.5,Catuai,7.92,10.0,10.0,10.0,7.92,0.1,Costa Rica,0,2,84.67
129,1600.0,7.75,7.83,7.58,8.0,7.92,Bourbon,7.75,10.0,10.0,10.0,7.83,0.1,Guatemala,0,1,84.67
130,1750.0,8.17,8.0,7.83,7.17,7.83,Caturra,7.75,10.0,10.0,10.0,7.92,0.12,Costa Rica,0,0,84.67
131,1900.0,8.08,7.83,7.75,7.83,7.58,Ethiopian Yirgacheffe,7.67,10.0,10.0,10.0,7.92,0.1,Ethiopia,0,3,84.67
132,1750.0,7.67,7.58,7.75,7.75,7.67,Other,8.58,10.0,10.0,10.0,7.67,0.08,Costa Rica,0,1,84.67
133,1200.0,8.0,7.58,7.83,7.75,7.75,Catuai,7.75,10.0,10.0,10.0,8.0,0.11,Costa Rica,0,4,84.67
135,1000.0,8.0,7.92,7.75,7.75,7.75,Typica,7.75,10.0,10.0,10.0,7.75,0.11,Taiwan,0,0,84.67
136,1550.0,7.75,7.83,7.75,7.83,7.75,Caturra,7.83,10.0,10.0,10.0,7.92,0.0,Colombia,0,0,84.67
137,2000.0,7.75,7.92,7.83,8.0,7.58,SL28,7.75,10.0,10.0,10.0,7.83,0.11,Kenya,0,0,84.67
138,1310.64,8.0,7.83,7.67,7.83,7.67,Bourbon,8.0,10.0,10.0,10.0,7.67,0.11,Guatemala,0,4,84.67
139,1524.0,7.67,7.83,7.67,8.0,7.67,Bourbon,7.83,10.0,10.0,10.0,8.0,0.12,Guatemala,0,4,84.67
140,1200.0,7.83,7.58,7.67,7.92,7.92,Typica,7.83,10.0,10.0,10.0,7.92,0.13,Mexico,0,3,84.67
141,1775.0,7.92,7.83,7.75,7.92,7.67,Other,7.75,10.0,10.0,10.0,7.83,0.11,Uganda,0,3,84.67
144,1754.0,7.92,7.75,7.83,7.75,7.58,SL34,7.92,10.0,10.0,10.0,7.83,0.11,Kenya,0,5,84.58
145,1500.0,7.83,7.67,7.58,7.92,7.67,Other,7.83,10.0,10.0,10.0,8.08,0.0,Colombia,0,4,84.58
147,1800.0,7.83,7.83,7.83,7.75,7.58,Peaberry,7.83,10.0,10.0,10.0,7.92,0.1,Kenya,0,2,84.58
148,1524.0,7.75,7.83,7.67,7.92,7.75,Pacas,7.83,10.0,10.0,10.0,7.83,0.11,Guatemala,0,1,84.58
149,1219.2,8.0,7.92,7.67,7.58,7.58,Bourbon,7.67,10.0,10.0,10.0,8.17,0.09,Guatemala,0,0,84.58
150,1550.0,7.67,7.67,7.58,7.75,7.58,Caturra,8.5,10.0,10.0,10.0,7.83,0.0,Colombia,0,0,84.58
151,1750.0,7.75,7.75,7.83,7.75,7.58,Caturra,8.0,10.0,10.0,10.0,7.92,0.0,Colombia,0,5,84.58
153,1750.0,7.67,7.83,7.83,8.0,7.58,Caturra,7.92,10.0,10.0,10.0,7.75,0.0,Colombia,0,2,84.58
154,1575.0,7.75,7.83,7.75,8.0,7.83,Bourbon,7.67,10.0,10.0,10.0,7.75,0.12,Costa Rica,0,2,84.58
155,1800.0,7.42,7.67,7.75,7.75,8.08,Caturra,7.83,10.0,10.0,10.0,8.08,0.11,Colombia,0,6,84.58
156,1300.0,8.0,8.0,7.75,7.75,7.58,Bourbon,7.75,10.0,10.0,10.0,7.75,0.12,Brazil,0,2,84.58
157,1100.0,8.5,8.0,7.5,7.75,7.5,Catuai,7.83,10.0,10.0,10.0,7.5,0.11,Brazil,0,1,84.58
158,1200.0,7.92,7.67,7.92,7.75,7.67,Caturra,7.58,10.0,10.0,10.0,8.0,0.1,Costa Rica,0,2,84.5
159,1750.0,7.92,7.75,7.67,7.75,7.83,SL14,7.75,10.0,10.0,10.0,7.83,0.11,Uganda,0,1,84.5
160,1680.0,7.75,7.92,7.67,7.83,7.75,Catimor,7.67,10.0,10.0,10.0,7.92,0.1,China,0,1,84.5
161,1700.0,7.92,7.83,7.83,7.83,7.58,Caturra,7.58,10.0,10.0,10.0,7.92,0.11,Costa Rica,0,0,84.5
162,1800.0,8.08,7.67,7.83,7.83,7.67,Other,7.67,10.0,10.0,10.0,7.75,0.12,Colombia,1,0,84.5
163,1100.0,7.67,8.0,7.75,7.83,7.75,Other,7.58,10.0,10.0,10.0,7.92,0.0,China,0,2,84.5
164,1310.64,8.17,7.83,7.67,7.83,7.67,Bourbon,7.83,10.0,10.0,10.0,7.5,0.11,Guatemala,0,2,84.5
165,2000.0,7.92,7.83,7.67,8.0,7.67,SL28,7.75,10.0,10.0,10.0,7.67,0.11,Kenya,0,0,84.5
166,1350.0,8.0,7.92,7.42,8.08,7.5,Typica,7.67,10.0,10.0,10.0,7.92,0.12,Mexico,0,0,84.5
167,1500.0,7.92,7.83,7.75,7.75,7.75,Typica,7.83,10.0,10.0,10.0,7.67,0.11,Mexico,0,4,84.5
171,1300.0,7.58,7.83,7.83,8.0,7.67,Caturra,7.58,10.0,10.0,10.0,7.92,0.1,Costa Rica,0,3,84.42
172,1400.0,7.67,7.67,7.83,7.58,7.83,Mandheling,7.83,10.0,10.0,10.0,8.0,0.0,Indonesia,0,3,84.42
174,1775.0,7.92,7.75,7.67,7.92,7.67,Caturra,7.75,10.0,10.0,10.0,7.75,0.0,Colombia,0,3,84.42
175,1200.0,7.83,7.83,7.75,8.0,7.5,Typica,7.75,10.0,10.0,10.0,7.75,0.11,Taiwan,0,0,84.42
177,900.0,7.75,7.92,7.75,7.67,7.83,Pacamara,7.67,10.0,10.0,10.0,7.83,0.12,Mexico,2,4,84.42
179,1800.0,7.33,7.58,7.83,7.75,7.75,SL28,7.92,10.0,10.0,10.0,8.17,0.11,Kenya,0,4,84.33
180,1500.0,7.92,8.0,7.75,7.67,7.67,Caturra,7.75,10.0,10.0,10.0,7.58,0.1,Honduras,0,3,84.33
182,1500.0,7.58,7.92,7.58,7.75,7.92,Catuai,7.75,10.0,10.0,10.0,7.83,0.11,Honduras,0,2,84.33
184,442.0,7.75,7.67,8.0,7.67,8.08,Caturra,7.83,10.0,10.0,10.0,7.33,0.11,Colombia,6,0,84.33
185,1800.0,7.75,7.58,7.33,7.83,7.58,Caturra,8.08,10.0,10.0,10.0,8.17,0.0,Colombia,0,0,84.33
186,1700.0,8.0,7.75,7.75,7.83,7.5,Typica,7.67,10.0,10.0,10.0,7.83,0.12,Mexico,0,1,84.33
187,1275.0,8.17,8.0,7.5,7.75,7.5,Yellow Bourbon,7.67,10.0,10.0,10.0,7.75,0.0,Brazil,0,4,84.33
191,1000.0,7.92,7.75,7.75,7.67,7.67,Typica,7.83,10.0,10.0,10.0,7.67,0.12,Taiwan,0,0,84.25
192,1200.0,7.83,7.75,7.75,7.42,7.83,Catimor,7.67,10.0,10.0,10.0,8.0,0.12,Thailand,0,0,84.25
193,2560.0,7.83,7.58,7.75,7.58,7.67,Caturra,8.0,10.0,10.0,10.0,7.83,0.11,Colombia,0,2,84.25
194,1500.0,7.75,7.75,7.58,7.92,7.75,Caturra,7.75,10.0,10.0,10.0,7.75,0.11,Guatemala,0,4,84.25
195,1099.4136,7.75,7.92,7.5,8.08,7.58,Caturra,7.67,10.0,10.0,10.0,7.75,0.1,Guatemala,0,1,84.25
196,1400.0,7.83,7.83,7.58,7.75,7.75,Catimor,7.75,10.0,10.0,10.0,7.75,0.1,China,0,1,84.25
197,1775.0,7.67,7.67,7.75,7.75,7.67,Caturra,7.92,10.0,10.0,10.0,7.83,0.11,Colombia,0,3,84.25
198,1775.0,7.83,7.67,7.75,7.58,7.92,Caturra,7.75,10.0,10.0,10.0,7.75,0.12,Colombia,4,2,84.25
199,1800.0,7.83,7.75,7.83,7.58,7.67,Other,7.75,10.0,10.0,10.0,7.83,0.12,Colombia,0,0,84.25
200,442.0,7.42,7.67,7.83,7.75,7.92,Caturra,7.83,10.0,10.0,10.0,7.83,0.12,Colombia,3,0,84.25
201,1620.0,7.83,7.67,7.75,7.83,7.67,Other,7.67,10.0,10.0,10.0,7.83,0.12,"Tanzania, United Republic Of",0,7,84.25
202,1600.0,7.83,7.75,7.75,7.75,7.67,Other,7.75,10.0,10.0,10.0,7.75,0.12,"Tanzania, United Republic Of",0,2,84.25
203,1219.2,7.83,7.83,7.5,7.92,7.58,Bourbon,7.75,10.0,10.0,10.0,7.83,0.1,Guatemala,0,1,84.25
204,1700.0,7.58,7.5,7.75,7.83,7.92,Caturra,7.83,10.0,10.0,10.0,7.83,0.11,Colombia,0,2,84.25
206,1450.0,7.83,7.92,7.67,7.83,7.5,Typica,7.75,10.0,10.0,10.0,7.75,0.12,Mexico,0,1,84.25
207,1170.0,7.83,7.83,7.75,7.67,7.83,Bourbon,7.58,10.0,10.0,10.0,7.75,0.12,Mexico,0,0,84.25
208,1400.0,7.83,7.92,7.67,7.75,7.5,Bourbon,7.75,10.0,10.0,10.0,7.83,0.1,Mexico,0,4,84.25
209,1700.0,8.17,7.75,7.58,7.67,7.83,Other,7.58,10.0,10.0,10.0,7.67,0.13,Uganda,4,29,84.25
210,1700.0,7.75,7.83,7.58,7.83,7.67,Bourbon,7.75,10.0,10.0,10.0,7.75,0.13,Guatemala,0,1,84.17
212,1700.0,7.92,7.75,7.67,7.67,7.5,Caturra,7.67,10.0,10.0,10.0,8.0,0.09,Costa Rica,0,2,84.17
213,1116.7872,7.75,7.75,7.58,8.0,7.67,Caturra,7.83,10.0,10.0,10.0,7.58,0.11,Guatemala,0,6,84.17
214,1565.0,7.75,7.92,7.58,7.92,7.67,Caturra,7.67,10.0,10.0,10.0,7.67,0.1,Guatemala,0,10,84.17
216,1775.0,8.0,7.5,7.5,7.67,8.0,Caturra,7.83,10.0,10.0,10.0,7.67,0.0,Colombia,0,0,84.17
217,1000.0,7.67,7.83,7.83,7.5,7.67,Caturra,7.83,10.0,10.0,10.0,7.83,0.12,Nicaragua,0,0,84.17
218,1150.0,7.67,7.75,7.75,7.67,7.83,Catuai,7.75,10.0,10.0,10.0,7.75,0.0,Brazil,0,16,84.17
219,1850.0,7.67,7.75,7.67,7.75,7.5,Caturra,8.0,10.0,10.0,10.0,7.83,0.0,Costa Rica,0,0,84.17
220,1606.5,7.5,7.92,7.58,7.83,7.75,Gesha,7.83,10.0,10.0,10.0,7.75,0.1,Ethiopia,0,5,84.17
221,1400.0,7.92,7.75,7.75,7.75,7.75,Other,7.58,10.0,10.0,10.0,7.67,0.13,"Tanzania, United Republic Of",0,0,84.17
222,1530.0,7.67,7.5,7.67,7.42,7.83,Other,8.58,10.0,10.0,10.0,7.5,0.12,Colombia,0,4,84.17
224,250.5,7.58,7.75,7.75,7.75,7.75,SL28,7.83,10.0,10.0,10.0,7.75,0.08,Kenya,0,0,84.17
225,1038.5,7.58,7.83,7.75,7.67,7.67,Mundo Novo,8.0,10.0,10.0,10.0,7.67,0.11,Brazil,0,3,84.17
226,1310.64,7.92,7.75,7.67,7.67,7.83,Bourbon,7.92,10.0,10.0,10.0,7.42,0.11,Guatemala,0,4,84.17
227,1500.0,8.42,8.08,7.5,7.17,7.58,Bourbon,8.17,9.33,10.0,10.0,7.92,0.11,El Salvador,0,2,84.17
228,1750.0,7.75,7.75,7.75,7.75,7.83,Caturra,7.75,10.0,10.0,10.0,7.58,0.0,Colombia,0,2,84.17
230,1600.0,7.83,7.75,7.5,7.83,7.83,Other,7.75,10.0,10.0,10.0,7.67,0.11,Uganda,0,1,84.17
232,442.0,7.83,7.5,7.42,7.5,7.83,Caturra,8.5,10.0,10.0,10.0,7.5,0.0,Colombia,1,3,84.08
233,968.0,7.58,7.67,7.67,7.67,7.75,Typica,7.83,10.0,10.0,10.0,7.92,0.1,Taiwan,0,4,84.08
235,1775.0,7.92,7.75,7.67,7.75,7.67,Caturra,7.67,10.0,10.0,10.0,7.67,0.0,Colombia,0,2,84.08
236,1550.0,7.58,7.75,7.67,8.0,7.75,Bourbon,7.67,10.0,10.0,10.0,7.67,0.1,Guatemala,0,10,84.08
238,1480.0,7.67,7.75,7.67,7.75,7.67,Typica,7.75,10.0,10.0,10.0,7.83,0.11,Mexico,1,10,84.08
239,1800.0,7.92,7.92,7.83,8.0,7.92,Other,7.92,10.0,10.0,8.67,7.92,0.09,Ethiopia,0,15,84.08
241,1800.0,7.83,7.75,7.67,7.75,7.33,Gesha,7.75,10.0,10.0,10.0,7.92,0.11,Ethiopia,3,1,84.0
242,1500.0,7.42,7.83,7.75,7.92,7.75,Caturra,7.58,10.0,10.0,10.0,7.75,0.1,Honduras,0,5,84.0
243,1706.88,7.67,7.83,7.58,7.92,7.75,Caturra,7.67,10.0,10.0,10.0,7.58,0.12,Guatemala,0,7,84.0
244,1600.0,7.67,7.67,7.83,7.58,7.58,Other,7.83,10.0,10.0,10.0,7.83,0.11,Colombia,2,7,84.0
245,1219.2,7.92,7.67,7.42,7.92,7.75,Bourbon,7.83,10.0,10.0,10.0,7.5,0.1,Guatemala,0,1,84.0
246,1219.2,7.75,7.83,7.5,7.83,7.58,Bourbon,7.67,10.0,10.0,10.0,7.83,0.1,Guatemala,0,0,84.0
248,1450.0,7.58,7.42,7.75,7.92,7.75,Caturra,7.92,10.0,10.0,10.0,7.67,0.12,Colombia,0,0,84.0
249,1775.0,7.67,7.67,7.5,7.5,7.67,Caturra,7.67,10.0,10.0,10.0,8.33,0.12,Colombia,0,3,84.0
250,1550.0,7.75,7.75,7.5,7.58,7.67,Other,7.92,10.0,10.0,10.0,7.83,0.09,Ethiopia,4,40,84.0
251,1260.0,7.58,7.83,7.67,7.25,8.0,Yellow Bourbon,7.75,10.0,10.0,10.0,7.92,0.1,Brazil,0,0,84.0
252,1700.0,7.67,7.83,7.67,7.75,7.67,Caturra,7.75,10.0,10.0,10.0,7.67,0.11,Colombia,0,1,84.0
253,1200.0,7.67,7.83,7.5,7.75,7.92,SL34,7.67,10.0,10.0,10.0,7.67,0.0,Kenya,0,2,84.0
255,1650.0,7.67,7.75,7.67,7.75,7.83,SL28,7.67,10.0,10.0,10.0,7.67,0.0,Kenya,0,0,84.0
256,1700.0,7.92,7.75,7.58,7.67,7.67,Other,7.83,10.0,10.0,10.0,7.58,0.1,Uganda,10,26,84.0
258,890.0,7.5,7.75,7.58,7.5,7.58,Bourbon,7.5,10.0,10.0,10.0,8.5,0.0,Brazil,0,3,83.92
259,1300.0,7.83,7.83,7.58,7.92,7.42,Mundo Novo,7.5,10.0,10.0,10.0,7.83,0.11,Mexico,0,5,83.92
260,1350.0,7.67,7.75,7.5,7.67,7.67,Catimor,7.83,10.0,10.0,10.0,7.83,0.1,Thailand,0,1,83.92
261,934.0,7.58,7.67,7.67,7.75,7.58,Bourbon,7.83,10.0,10.0,10.0,7.83,0.11,Brazil,0,7,83.92
262,1200.0,7.83,7.75,7.83,7.75,7.83,Typica,7.75,9.33,10.0,10.0,7.83,0.11,Taiwan,0,3,83.92
268,1775.0,7.75,7.58,7.67,7.83,7.83,Caturra,7.67,10.0,10.0,10.0,7.58,0.0,Colombia,0,1,83.92
269,950.0,8.0,7.92,7.92,7.92,7.67,Typica,7.33,10.0,10.0,10.0,7.17,0.06,Taiwan,0,0,83.92
270,1550.0,7.67,7.83,7.67,7.75,7.67,Caturra,7.83,10.0,10.0,10.0,7.5,0.12,Colombia,0,3,83.92
271,900.0,7.67,7.75,7.58,7.67,7.75,Typica,7.83,10.0,10.0,10.0,7.67,0.12,Mexico,10,32,83.92
272,1500.0,7.5,7.67,7.58,7.83,7.75,Typica,7.75,10.0,10.0,10.0,7.83,0.11,Mexico,0,2,83.92
273,1400.0,7.75,7.92,7.83,7.92,7.75,Typica,7.67,9.33,10.0,10.0,7.75,0.0,Mexico,0,2,83.92
274,2527.0,7.92,7.58,7.5,7.83,7.58,Caturra,7.67,10.0,10.0,10.0,7.75,0.0,Colombia,1,6,83.83
276,1850.0,7.67,7.67,7.75,7.67,7.5,Caturra,7.75,10.0,10.0,10.0,7.83,0.0,Costa Rica,0,0,83.83
277,1500.0,7.75,7.75,7.5,7.75,7.83,Bourbon,7.58,10.0,10.0,10.0,7.67,0.11,Guatemala,0,6,83.83
279,1.0,7.25,7.58,7.42,8.0,7.75,Yellow Bourbon,7.83,10.0,10.0,10.0,8.0,0.0,Brazil,0,0,83.83
280,525.0,7.67,7.75,7.67,7.75,7.42,Typica,7.75,10.0,10.0,10.0,7.83,0.0,Taiwan,0,1,83.83
282,1200.0,7.67,7.67,7.58,7.5,7.83,Bourbon,8.17,10.0,10.0,9.33,8.08,0.0,Brazil,0,1,83.83
283,1300.0,7.83,7.42,7.5,7.83,7.75,Catuai,7.83,10.0,10.0,10.0,7.67,0.1,Costa Rica,0,3,83.83
284,1219.2,7.58,7.83,7.33,8.0,7.58,Bourbon,7.75,10.0,10.0,10.0,7.75,0.1,Guatemala,0,1,83.83
285,1260.0,7.92,7.5,7.33,7.67,8.17,Yellow Bourbon,7.5,10.0,10.0,10.0,7.75,0.1,Brazil,0,0,83.83
287,1750.0,7.67,7.58,7.58,7.83,7.58,Caturra,7.67,10.0,10.0,10.0,7.92,0.11,Colombia,0,1,83.83
288,1310.64,7.5,7.83,7.5,7.83,7.83,Bourbon,7.67,10.0,10.0,10.0,7.67,0.11,Guatemala,0,3,83.83
289,1218.0,7.67,8.0,7.67,7.42,7.67,Bourbon,7.5,10.0,10.0,10.0,7.92,0.1,Mexico,0,2,83.83
290,1300.0,7.67,7.58,7.5,7.75,7.75,Pacas,7.75,10.0,10.0,10.0,7.83,0.11,Mexico,0,4,83.83
291,1250.0,7.83,7.83,7.58,7.67,7.5,Yellow Bourbon,7.58,10.0,10.0,10.0,7.83,0.12,Brazil,0,3,83.83
295,1800.0,7.75,7.58,7.5,7.58,7.75,SL28,7.75,10.0,10.0,10.0,7.83,0.11,Kenya,0,2,83.75
296,890.0,7.67,7.67,7.58,7.75,7.67,Bourbon,7.67,10.0,10.0,10.0,7.75,0.11,Brazil,0,5,83.75
297,442.0,7.83,7.83,7.58,7.58,7.58,Caturra,7.58,10.0,10.0,10.0,7.75,0.11,Colombia,0,1,83.75
298,750.0,7.67,7.67,7.58,7.58,7.67,Typica,7.83,10.0,10.0,10.0,7.75,0.0,Taiwan,0,0,83.75
300,1650.0,7.83,7.75,7.67,7.5,7.58,Catimor,7.67,10.0,10.0,10.0,7.75,0.1,China,0,2,83.75
301,442.0,7.75,7.67,7.5,7.67,7.58,Caturra,7.83,10.0,10.0,10.0,7.75,0.0,Colombia,0,0,83.75
302,1400.0,8.0,7.92,7.58,7.75,7.33,Bourbon,7.5,10.0,10.0,10.0,7.67,0.12,Uganda,0,0,83.75
303,853.44,7.83,7.83,7.83,7.67,8.0,Other,8.17,9.33,9.33,10.0,7.75,0.12,United States (Puerto Rico),0,1,83.75
304,1775.0,7.67,7.67,7.67,7.92,7.5,Caturra,7.67,10.0,10.0,10.0,7.67,0.0,Colombia,0,5,83.75
305,1550.0,7.67,7.42,7.42,7.42,8.0,Other,8.33,10.0,10.0,10.0,7.5,0.0,Colombia,0,3,83.75
306,1750.0,7.58,7.67,7.75,7.67,7.67,Caturra,7.67,10.0,10.0,10.0,7.75,0.0,Colombia,0,1,83.75
307,1750.0,7.75,7.67,7.75,7.58,7.42,Caturra,8.0,10.0,10.0,10.0,7.58,0.11,Colombia,0,3,83.75
309,700.0,7.83,7.58,7.58,7.5,7.75,Caturra,7.67,10.0,10.0,10.0,7.83,0.13,Mexico,5,5,83.75
310,1300.0,7.67,7.58,7.58,7.67,7.75,Caturra,7.75,10.0,10.0,10.0,7.75,0.11,Guatemala,0,1,83.75
314,890.0,7.67,7.83,7.5,7.67,7.67,Bourbon,7.5,10.0,10.0,10.0,7.83,0.11,Brazil,0,2,83.67
315,1700.0,8.08,7.67,7.67,7.58,7.25,SL28,7.67,10.0,10.0,10.0,7.75,0.11,Kenya,0,0,83.67
316,1400.0,7.5,7.5,7.67,7.67,8.0,Caturra,8.0,10.0,10.0,10.0,7.33,0.1,Honduras,0,2,83.67
317,1250.0,7.67,7.75,7.67,7.67,7.83,Caturra,7.58,10.0,10.0,10.0,7.5,0.1,Nicaragua,0,3,83.67
318,934.0,7.58,7.75,7.58,7.75,7.58,Bourbon,7.58,10.0,10.0,10.0,7.83,0.11,Brazil,0,3,83.67
319,1200.0,7.5,7.67,7.33,7.92,7.83,Caturra,7.67,10.0,10.0,10.0,7.75,0.1,Taiwan,0,0,83.67
322,1625.0,7.5,7.75,7.5,7.75,7.67,Caturra,7.67,10.0,10.0,10.0,7.83,0.11,Colombia,0,4,83.67
323,1356.6648,8.0,7.5,7.33,8.0,8.0,Bourbon,8.0,9.33,10.0,10.0,7.5,0.1,Guatemala,0,0,83.67
324,1750.0,7.83,7.75,7.67,7.58,7.58,Caturra,7.67,10.0,10.0,10.0,7.58,0.0,Colombia,0,3,83.67
325,1900.0,7.67,7.67,7.67,7.67,7.33,Caturra,7.75,10.0,10.0,10.0,7.92,0.0,Colombia,0,1,83.67
326,1310.64,7.67,7.67,7.42,7.67,8.0,Bourbon,7.75,10.0,10.0,10.0,7.5,0.12,Guatemala,1,3,83.67
327,1310.64,7.83,7.67,7.33,7.67,7.67,Bourbon,7.83,10.0,10.0,10.0,7.67,0.11,Guatemala,0,2,83.67
328,1750.0,7.75,7.75,7.58,7.83,7.17,Caturra,7.75,10.0,10.0,10.0,7.83,0.11,Colombia,0,1,83.67
329,1450.0,8.17,8.17,7.83,7.67,8.08,Caturra,7.75,9.33,9.33,9.33,8.0,0.11,Guatemala,0,1,83.67
330,1310.64,7.67,8.17,7.5,7.42,7.58,Bourbon,7.83,10.0,10.0,10.0,7.5,0.11,Guatemala,0,13,83.67
331,1100.0,7.67,7.5,7.5,7.33,7.83,Typica,8.25,10.0,10.0,10.0,7.58,0.12,Mexico,4,11,83.67
332,1400.0,8.17,7.67,7.58,7.58,7.42,Typica,7.67,10.0,10.0,10.0,7.58,0.12,Indonesia,0,0,83.67
333,1524.0,7.67,7.5,7.33,8.0,7.67,Caturra,7.67,10.0,10.0,10.0,7.83,0.1,Guatemala,0,0,83.67
335,890.0,7.58,7.67,7.58,7.58,7.67,Bourbon,7.58,10.0,10.0,10.0,7.92,0.11,Brazil,0,5,83.58
336,1128.3696,7.75,7.75,7.5,7.83,7.58,Caturra,7.58,10.0,10.0,10.0,7.58,0.11,Guatemala,0,0,83.58
338,1100.0,7.67,7.58,7.58,7.58,7.67,Catimor,7.75,10.0,10.0,10.0,7.75,0.1,China,0,4,83.58
339,1775.0,7.67,7.75,7.58,7.67,7.75,Caturra,7.58,10.0,10.0,10.0,7.58,0.12,Colombia,0,3,83.58
340,1200.0,7.75,7.75,7.58,7.58,7.5,Caturra,7.67,10.0,10.0,10.0,7.75,0.12,Mexico,1,13,83.58
341,1850.0,7.75,7.67,7.58,7.67,7.5,Other,7.67,10.0,10.0,10.0,7.75,0.0,Ethiopia,0,7,83.58
342,1800.0,7.67,7.67,7.42,7.75,7.75,SL14,7.67,10.0,10.0,10.0,7.67,0.12,Uganda,0,5,83.58
343,1600.0,7.67,7.58,7.67,7.67,7.67,Caturra,7.67,10.0,10.0,10.0,7.67,0.0,Colombia,0,0,83.58
344,1550.0,7.67,7.58,7.67,7.58,7.67,Caturra,7.75,10.0,10.0,10.0,7.67,0.12,Colombia,0,1,83.58
345,1550.0,7.75,7.58,7.5,7.58,7.75,Caturra,7.83,10.0,10.0,10.0,7.58,0.0,Colombia,0,0,83.58
346,1000.0,7.75,7.75,7.75,7.75,7.5,Typica,7.58,10.0,10.0,10.0,7.5,0.11,Taiwan,0,0,83.58
347,1775.0,7.67,7.67,7.58,7.67,7.75,Caturra,7.58,10.0,10.0,10.0,7.67,0.11,Colombia,0,3,83.58
348,1000.0,7.83,7.67,7.58,7.58,7.67,Typica,7.58,10.0,10.0,10.0,7.67,0.12,Mexico,0,2,83.58
349,2136.0,7.67,7.58,7.58,7.58,7.67,Caturra,7.75,10.0,10.0,10.0,7.75,0.11,Colombia,0,4,83.58
350,1100.0,7.83,7.75,7.5,7.75,7.5,Catuai,7.58,10.0,10.0,10.0,7.67,0.12,Brazil,0,2,83.58
351,1799.0,7.75,7.58,7.58,7.75,7.75,Caturra,7.5,10.0,10.0,10.0,7.58,0.0,Colombia,0,5,83.5
353,1850.0,7.92,7.42,7.5,7.67,7.5,Caturra,7.67,10.0,10.0,10.0,7.83,0.0,Costa Rica,0,0,83.5
354,1000.0,7.75,7.58,7.58,7.5,7.75,Caturra,7.75,10.0,10.0,10.0,7.58,0.0,Colombia,0,0,83.5
355,1219.2,7.67,7.75,7.5,7.83,7.58,Bourbon,7.58,10.0,10.0,10.0,7.58,0.1,Guatemala,0,5,83.5
356,1775.0,7.58,7.58,7.58,7.58,7.75,Caturra,7.67,10.0,10.0,10.0,7.75,0.12,Colombia,0,4,83.5
357,1400.0,7.75,7.67,7.58,7.67,7.67,Ruiru 11,7.58,10.0,10.0,10.0,7.58,0.13,"Tanzania, United Republic Of",0,21,83.5
358,1500.0,7.25,7.67,7.58,7.92,7.83,Sumatra,7.58,10.0,10.0,10.0,7.67,0.13,Indonesia,0,8,83.5
361,1850.0,8.0,7.58,7.25,7.58,7.92,Caturra,7.58,10.0,10.0,10.0,7.58,0.11,Colombia,0,0,83.5
362,1400.0,7.58,7.75,7.5,7.83,7.42,Caturra,7.67,10.0,10.0,10.0,7.75,0.1,Guatemala,0,0,83.5
363,1650.0,7.75,7.58,7.33,7.5,7.83,Caturra,7.83,10.0,10.0,10.0,7.67,0.0,Colombia,2,0,83.5
364,1350.0,7.67,7.5,7.67,7.5,7.67,Caturra,7.67,10.0,10.0,10.0,7.83,0.1,Honduras,0,3,83.5
365,1750.0,7.58,7.75,7.42,7.67,7.75,Caturra,7.67,10.0,10.0,10.0,7.67,0.0,Colombia,1,1,83.5
366,1750.0,7.58,7.67,7.58,7.75,7.58,Caturra,7.75,10.0,10.0,10.0,7.58,0.11,Colombia,0,2,83.5
367,1170.0,7.83,7.58,7.25,7.5,7.5,Bourbon,7.42,10.0,10.0,10.0,8.42,0.13,Mexico,0,14,83.5
368,940.0,7.67,7.75,7.67,7.75,7.58,Typica,7.5,10.0,10.0,10.0,7.58,0.11,Mexico,0,12,83.5
369,1400.0,7.75,7.67,7.67,7.75,7.33,Pacamara,7.5,10.0,10.0,10.0,7.83,0.12,Mexico,0,0,83.5
370,1524.0,7.83,7.5,7.5,8.0,7.67,Caturra,7.5,10.0,10.0,10.0,7.5,0.1,Guatemala,0,5,83.5
371,1775.0,7.67,7.58,7.58,7.67,7.67,Caturra,7.67,10.0,10.0,10.0,7.67,0.11,Colombia,0,0,83.5
372,1402.08,7.5,7.5,7.75,7.5,8.0,Bourbon,7.67,10.0,10.0,10.0,7.58,0.0,Guatemala,3,12,83.5
375,439.0,7.5,7.58,7.58,7.5,7.75,Caturra,7.83,10.0,10.0,10.0,7.67,0.0,Colombia,0,1,83.42
376,1700.0,7.67,7.75,7.5,7.58,7.58,Bourbon,7.67,10.0,10.0,10.0,7.67,0.1,Guatemala,0,3,83.42
377,442.0,7.67,7.67,7.5,7.67,7.67,Caturra,7.58,10.0,10.0,10.0,7.67,0.11,Colombia,0,2,83.42
378,1850.0,7.58,7.5,7.42,7.92,7.5,Caturra,7.67,10.0,10.0,10.0,7.83,0.09,Costa Rica,0,4,83.42
380,1800.0,7.58,7.75,7.33,7.75,7.67,SL14,7.58,10.0,10.0,10.0,7.75,0.11,Uganda,0,1,83.42
381,1200.0,7.5,7.58,7.75,7.5,7.75,Catimor,7.67,10.0,10.0,10.0,7.67,0.13,Thailand,0,0,83.42
382,1330.0,7.58,7.5,7.75,7.58,7.75,Bourbon,7.67,10.0,10.0,10.0,7.58,0.11,El Salvador,0,0,83.42
383,442.0,7.58,7.67,7.58,7.67,7.58,Caturra,7.67,10.0,10.0,10.0,7.67,0.12,Colombia,4,0,83.42
385,1600.0,7.75,7.67,7.58,7.67,7.58,Bourbon,7.58,10.0,10.0,10.0,7.58,0.13,"Tanzania, United Republic Of",0,4,83.42
386,1813.0,7.58,7.58,7.25,7.75,7.75,Caturra,8.58,9.33,10.0,10.0,7.58,0.12,Colombia,0,1,83.42
387,1219.2,7.75,7.83,7.33,7.83,7.5,Bourbon,7.67,10.0,10.0,10.0,7.5,0.1,Guatemala,0,1,83.42
388,1500.0,7.67,7.75,7.5,7.83,7.58,Caturra,7.5,10.0,10.0,10.0,7.58,0.1,Guatemala,0,2,83.42
389,1310.64,7.67,7.5,7.75,7.42,7.75,Bourbon,7.75,10.0,10.0,10.0,7.58,0.11,Guatemala,0,0,83.42
391,1450.0,7.5,7.75,7.58,7.5,7.67,Caturra,7.75,10.0,10.0,10.0,7.67,0.11,Colombia,0,2,83.42
396,1650.0,7.75,7.5,7.75,7.58,7.58,Caturra,7.58,10.0,10.0,10.0,7.58,0.0,Colombia,0,0,83.33
399,1227.0,7.5,7.83,7.33,7.58,7.58,Catuai,7.92,10.0,10.0,10.0,7.58,0.1,Brazil,1,5,83.33
400,1200.0,7.75,7.75,7.5,7.67,7.5,Caturra,7.58,10.0,10.0,10.0,7.58,0.12,Mexico,0,2,83.33
401,1650.0,7.67,7.75,7.42,7.83,7.83,Caturra,7.42,10.0,10.0,10.0,7.42,0.11,Colombia,0,1,83.33
402,1700.0,7.75,7.58,7.67,7.58,7.58,Other,7.58,10.0,10.0,10.0,7.58,0.12,"Tanzania, United Republic Of",0,6,83.33
403,1100.0,7.67,7.67,7.58,7.67,7.5,Other,7.58,10.0,10.0,10.0,7.67,0.12,Mexico,0,0,83.33
404,1300.0,7.67,7.67,7.42,7.67,7.67,Caturra,7.67,10.0,10.0,10.0,7.58,0.12,Costa Rica,0,3,83.33
406,1200.0,7.5,7.67,7.67,7.5,7.83,Catuai,7.17,10.0,10.0,10.0,8.0,0.11,Costa Rica,0,3,83.33
408,1280.16,7.58,7.5,7.67,7.5,7.83,Typica,7.42,10.0,10.0,10.0,7.83,0.11,Haiti,0,4,83.33
409,1000.0,7.67,7.67,7.5,7.67,7.92,Caturra,7.42,10.0,10.0,10.0,7.5,0.11,Colombia,0,1,83.33
410,1310.64,7.83,7.67,7.17,7.67,7.67,Bourbon,7.67,10.0,10.0,10.0,7.67,0.11,Guatemala,0,3,83.33
412,1880.0,7.75,7.67,7.33,7.5,7.5,Bourbon,7.75,10.0,10.0,10.0,7.83,0.0,Burundi,0,5,83.33
413,1750.0,7.5,7.67,7.67,7.58,7.67,Caturra,7.58,10.0,10.0,10.0,7.67,0.0,Colombia,0,1,83.33
416,1600.0,7.67,7.83,7.42,7.83,7.33,Typica,7.5,10.0,10.0,10.0,7.67,0.11,Mexico,0,0,83.25
417,1900.0,7.5,7.5,7.83,7.5,7.67,Catuai,7.67,10.0,10.0,10.0,7.58,0.11,Costa Rica,0,0,83.25
419,2100.0,7.5,7.58,7.42,7.83,7.67,Pacas,7.58,10.0,10.0,10.0,7.67,0.11,Guatemala,0,7,83.25
422,442.0,7.58,7.67,7.67,7.17,7.75,Caturra,7.83,10.0,10.0,10.0,7.58,0.0,Colombia,0,2,83.25
423,1261.0,7.83,7.75,7.5,7.58,7.58,Typica,7.58,10.0,10.0,10.0,7.42,0.12,Mexico,0,2,83.25
424,1000.0,7.67,7.5,7.5,7.5,7.67,Bourbon,7.83,10.0,10.0,10.0,7.58,0.1,Taiwan,0,0,83.25
425,800.0,7.92,7.83,7.75,7.58,7.5,Typica,7.33,10.0,10.0,10.0,7.33,0.1,Taiwan,0,0,83.25
426,1483.0,7.58,7.58,7.5,7.58,7.58,Caturra,7.75,10.0,10.0,10.0,7.67,0.0,Colombia,0,0,83.25
427,1500.0,7.5,7.67,7.58,7.67,7.67,Caturra,7.5,10.0,10.0,10.0,7.67,0.1,Guatemala,0,1,83.25
428,1750.0,7.83,7.5,7.67,7.33,7.67,Caturra,7.67,10.0,10.0,10.0,7.58,0.11,Colombia,0,1,83.25
429,1300.0,7.58,7.75,7.5,7.5,7.58,Bourbon,7.58,10.0,10.0,10.0,7.75,0.12,Mexico,0,6,83.25
432,1000.0,7.75,7.75,7.42,7.92,7.33,Caturra,7.5,10.0,10.0,10.0,7.58,0.12,Mexico,0,0,83.25
433,1310.64,7.83,7.58,7.08,7.83,7.42,Bourbon,8.08,10.0,10.0,10.0,7.42,0.11,Guatemala,0,9,83.25
434,1200.0,7.75,7.67,7.5,7.58,7.58,Yellow Bourbon,7.58,10.0,10.0,10.0,7.58,0.11,Brazil,0,1,83.25
435,175.0,7.67,7.58,7.58,7.42,7.83,Caturra,7.58,10.0,10.0,10.0,7.58,0.12,Colombia,0,1,83.25
436,1775.0,7.67,7.67,7.5,7.5,7.58,Caturra,7.67,10.0,10.0,10.0,7.67,0.11,Colombia,0,0,83.25
440,890.0,7.67,7.42,7.5,7.58,7.67,Bourbon,7.58,10.0,10.0,10.0,7.75,0.11,Brazil,0,4,83.17
441,1901.0,7.58,7.58,7.33,7.67,7.75,Bourbon,7.58,10.0,10.0,10.0,7.67,0.1,Guatemala,0,1,83.17
442,168.0,7.67,7.58,7.42,7.67,7.67,Bourbon,7.58,10.0,10.0,10.0,7.58,0.12,"Tanzania, United Republic Of",0,3,83.17
444,1550.0,7.58,7.42,7.08,7.33,7.58,Catimor,8.58,10.0,10.0,10.0,7.58,0.07,Vietnam,0,0,83.17
445,1500.0,7.67,7.75,7.42,7.75,7.58,Caturra,7.5,10.0,10.0,10.0,7.5,0.11,Guatemala,2,3,83.17
446,1450.0,7.67,7.67,7.5,7.67,7.5,Catuai,7.67,10.0,10.0,10.0,7.5,0.11,Honduras,0,1,83.17
447,1200.0,7.5,7.67,7.33,7.67,7.67,Catimor,7.67,10.0,10.0,10.0,7.67,0.11,China,0,0,83.17
448,1600.0,7.67,7.67,7.5,7.67,7.42,Catimor,7.58,10.0,10.0,10.0,7.67,0.1,China,0,3,83.17
449,1350.0,7.5,7.5,7.33,7.67,8.0,Bourbon,7.67,10.0,10.0,10.0,7.5,0.0,El Salvador,0,0,83.17
450,1500.0,7.5,7.75,7.5,7.83,7.58,Bourbon,7.5,10.0,10.0,10.0,7.5,0.11,Guatemala,0,1,83.17
451,1650.0,7.92,7.67,7.42,7.75,7.5,Bourbon,7.5,10.0,10.0,10.0,7.42,0.12,Guatemala,0,3,83.17
452,250.5,7.83,7.75,7.67,7.75,7.83,SL28,8.5,9.33,9.33,9.33,7.83,0.1,Kenya,0,1,83.17
454,1653.0,7.58,7.67,7.67,7.58,7.42,Other,7.58,10.0,10.0,10.0,7.67,0.13,"Tanzania, United Republic Of",0,6,83.17
455,1775.0,7.58,7.5,7.5,7.67,7.5,Caturra,7.67,10.0,10.0,10.0,7.75,0.0,Colombia,0,4,83.17
456,1800.0,8.0,7.67,7.5,7.42,7.33,SL14,7.58,10.0,10.0,10.0,7.67,0.1,Uganda,0,0,83.17
458,1450.0,7.5,7.5,7.5,7.67,7.67,Catuai,7.67,10.0,10.0,10.0,7.67,0.1,Honduras,0,5,83.17
459,1350.0,7.67,7.67,7.5,7.67,7.5,Caturra,7.67,10.0,10.0,10.0,7.5,0.11,Honduras,0,3,83.17
460,1524.0,7.33,7.83,7.17,8.17,7.33,Catuai,7.67,10.0,10.0,10.0,7.67,0.09,Guatemala,0,1,83.17
462,1800.0,7.58,7.5,7.58,7.75,7.58,Bourbon,7.58,10.0,10.0,10.0,7.58,0.12,"Tanzania, United Republic Of",0,1,83.17
463,1310.64,7.67,7.83,7.33,7.67,7.5,Bourbon,7.67,10.0,10.0,10.0,7.5,0.11,Guatemala,0,2,83.17
464,1500.0,7.75,7.58,7.58,7.58,7.5,Typica,7.42,10.0,10.0,10.0,7.75,0.11,Mexico,0,2,83.17
465,532.0,7.75,7.67,7.58,7.5,7.42,Typica,7.58,10.0,10.0,10.0,7.67,0.12,Mexico,3,8,83.17
466,1089.0,7.58,7.75,7.42,7.67,7.5,Pacamara,7.58,10.0,10.0,10.0,7.67,0.14,Mexico,0,10,83.17
467,1775.0,7.67,7.5,7.5,7.5,7.58,Caturra,8.17,10.0,10.0,10.0,7.25,0.11,Colombia,1,2,83.17
468,700.0,7.75,7.5,7.42,7.75,7.58,Typica,7.58,10.0,10.0,10.0,7.58,0.13,Mexico,0,5,83.17
469,1750.0,7.58,7.67,7.5,7.58,7.67,Caturra,7.67,10.0,10.0,10.0,7.5,0.11,Colombia,0,0,83.17
470,1380.0,7.5,7.75,7.58,7.58,7.67,Typica,7.5,10.0,10.0,10.0,7.58,0.11,Mexico,0,5,83.17
471,1000.0,7.75,7.67,7.58,7.5,7.58,Mundo Novo,7.58,10.0,10.0,10.0,7.5,0.12,Brazil,0,1,83.17
472,950.0,7.92,7.58,7.5,7.58,7.42,Mundo Novo,7.5,10.0,10.0,10.0,7.67,0.11,Brazil,0,4,83.17
473,1402.08,7.75,7.5,7.67,7.5,7.92,Bourbon,8.0,10.0,10.0,9.33,7.5,0.0,Guatemala,0,10,83.17
474,1000.0,7.75,7.5,7.58,7.5,7.75,Mundo Novo,7.5,10.0,10.0,10.0,7.58,0.12,Brazil,0,3,83.17
478,1799.0,7.58,7.67,7.33,7.67,7.75,Caturra,7.58,10.0,10.0,10.0,7.5,0.0,Colombia,0,4,83.08
480,905.0,7.58,7.58,7.58,7.5,7.67,Yellow Bourbon,7.58,10.0,10.0,10.0,7.58,0.11,Brazil,0,2,83.08
481,1.0,7.33,7.67,7.67,7.33,7.75,Yellow Bourbon,7.42,10.0,10.0,10.0,7.92,0.0,Brazil,0,3,83.08
482,750.0,7.83,7.92,7.5,7.83,7.67,Typica,7.25,9.33,10.0,10.0,7.75,0.0,Taiwan,0,0,83.08
484,1200.0,7.58,7.83,7.67,7.42,7.42,Bourbon,7.5,10.0,10.0,10.0,7.67,0.0,Brazil,0,1,83.08
485,1300.0,7.83,7.33,7.5,7.67,7.58,Catuai,7.67,10.0,10.0,10.0,7.5,0.1,Costa Rica,0,3,83.08
487,1300.0,7.75,7.75,7.5,7.5,7.5,Typica,7.5,10.0,10.0,10.0,7.58,0.11,Taiwan,0,0,83.08
489,1400.0,7.75,7.67,7.42,7.75,7.5,Other,7.5,10.0,10.0,10.0,7.5,0.1,Mexico,0,1,83.08
492,1775.0,7.33,7.33,7.33,7.58,7.25,Caturra,8.08,10.0,10.0,10.0,8.17,0.01,Colombia,0,0,83.08
496,890.0,7.58,7.5,7.5,7.75,7.67,Bourbon,7.5,10.0,10.0,10.0,7.5,0.0,Brazil,0,4,83.0
497,894.0,7.5,7.58,7.58,7.67,7.58,Bourbon,7.5,10.0,10.0,10.0,7.58,0.11,Brazil,0,5,83.0
498,872.0,7.5,7.67,7.58,7.67,7.58,Bourbon,7.42,10.0,10.0,10.0,7.58,0.11,Brazil,0,3,83.0
499,1473.0,7.67,7.58,7.42,7.42,7.83,Bourbon,7.5,10.0,10.0,10.0,7.58,0.12,Uganda,0,6,83.0
500,1645.0,7.67,7.67,7.5,7.58,7.42,Bourbon,7.5,10.0,10.0,10.0,7.67,0.12,Uganda,0,8,83.0
502,1550.0,7.75,7.67,7.58,7.58,7.42,Caturra,7.67,9.33,10.0,10.0,8.0,0.0,Vietnam,0,0,83.0
503,1550.0,7.67,7.75,7.33,7.92,7.42,Catuai,7.5,10.0,10.0,10.0,7.42,0.11,Guatemala,0,3,83.0
504,1371.6,7.75,7.67,7.33,7.75,7.5,Catuai,7.42,10.0,10.0,10.0,7.58,0.11,Guatemala,0,2,83.0
505,1500.0,7.83,7.67,7.25,7.67,7.75,Bourbon,7.5,10.0,10.0,10.0,7.33,0.11,Guatemala,0,2,83.0
506,1000.0,7.67,7.67,7.67,7.5,7.42,Catuai,7.5,10.0,10.0,10.0,7.58,0.0,Brazil,0,0,83.0
507,1200.0,7.92,7.92,7.83,7.58,7.33,Typica,7.25,10.0,10.0,10.0,7.17,0.08,Taiwan,0,0,83.0
508,1800.0,7.83,7.58,7.5,7.5,7.58,SL14,7.5,10.0,10.0,10.0,7.5,0.12,Uganda,0,0,83.0
509,853.44,7.67,7.5,7.67,7.83,7.75,Other,7.83,10.0,10.0,9.33,7.42,0.0,United States (Puerto Rico),0,0,83.0
510,1500.0,7.67,7.67,7.42,7.83,7.5,Bourbon,7.5,10.0,10.0,10.0,7.42,0.1,Guatemala,1,0,83.0
511,1200.0,7.67,7.58,7.5,7.58,7.5,Catuai,7.5,10.0,10.0,10.0,7.67,0.11,Costa Rica,0,3,83.0
512,1250.0,7.75,7.58,7.42,7.67,7.42,Yellow Bourbon,7.67,10.0,10.0,10.0,7.5,0.12,Brazil,0,4,83.0
513,1775.0,7.75,7.42,7.33,7.5,7.58,Caturra,7.17,10.0,10.0,10.0,8.25,0.11,Colombia,1,1,83.0
514,1750.0,7.83,7.5,7.58,7.33,7.5,Caturra,7.67,10.0,10.0,10.0,7.58,0.0,Colombia,0,0,83.0
515,1000.0,7.33,7.67,7.75,7.42,7.75,Caturra,7.58,10.0,10.0,10.0,7.5,0.11,Colombia,0,1,83.0
516,1000.0,7.58,7.75,7.42,7.67,7.58,Caturra,7.42,10.0,10.0,10.0,7.58,0.0,Colombia,0,2,83.0
517,1775.0,7.5,7.5,7.42,7.58,7.75,Caturra,7.58,10.0,10.0,10.0,7.67,0.11,Colombia,1,2,83.0
518,750.0,7.67,7.58,7.42,7.5,7.67,Typica,7.58,10.0,10.0,10.0,7.58,0.11,Mexico,0,20,83.0
519,1200.0,7.67,7.83,7.5,7.58,7.58,Typica,7.67,9.33,10.0,10.0,7.83,0.11,Mexico,0,7,83.0
520,1200.0,7.5,7.67,7.5,7.5,7.58,Bourbon,7.58,10.0,10.0,10.0,7.67,0.11,Mexico,5,8,83.0
522,1625.0,7.75,7.58,7.5,7.67,7.83,Caturra,7.75,9.33,10.0,10.0,7.58,0.0,Colombia,0,4,83.0
523,1750.0,7.67,7.58,7.58,7.58,7.67,Caturra,7.42,10.0,10.0,10.0,7.5,0.11,Colombia,0,0,83.0
524,1371.6,7.5,7.67,7.5,7.67,7.5,Bourbon,7.83,10.0,10.0,10.0,7.33,0.1,Guatemala,0,2,83.0
525,1775.0,7.67,7.67,7.58,7.5,7.67,Caturra,7.42,10.0,10.0,10.0,7.5,0.12,Colombia,0,0,83.0
533,890.0,7.67,7.58,7.5,7.58,7.58,Bourbon,7.5,10.0,10.0,10.0,7.5,0.0,Brazil,0,0,82.92
534,1350.0,7.5,7.5,7.75,7.58,7.92,Bourbon,7.83,10.0,10.0,9.33,7.5,0.0,El Salvador,0,1,82.92
535,1500.0,7.58,7.67,7.5,7.33,7.67,Caturra,7.58,10.0,10.0,10.0,7.58,0.11,Colombia,0,1,82.92
536,350.0,7.17,7.83,7.25,7.67,7.67,Caturra,7.58,10.0,10.0,10.0,7.75,0.09,Taiwan,31,0,82.92
537,2000.0,7.58,7.58,7.5,7.5,7.58,Ethiopian Heirlooms,7.58,10.0,10.0,10.0,7.58,0.0,Ethiopia,1,20,82.92
538,775.0,7.5,7.58,7.67,7.33,7.5,Typica,7.75,10.0,10.0,10.0,7.58,0.0,Taiwan,0,9,82.92
539,1200.0,7.58,7.58,7.67,7.58,7.5,Other,7.5,10.0,10.0,10.0,7.5,0.11,Philippines,0,1,82.92
540,1600.0,8.08,7.5,7.67,7.42,7.33,Other,7.5,10.0,10.0,10.0,7.42,0.0,Philippines,0,0,82.92
541,1059.0,7.83,7.67,7.25,7.58,7.5,Typica,7.5,10.0,10.0,10.0,7.58,0.13,Mexico,0,3,82.92
542,1300.0,7.75,7.67,7.42,7.42,7.75,Bourbon,7.5,10.0,10.0,10.0,7.42,0.12,Mexico,2,8,82.92
544,1650.0,8.0,7.5,7.5,7.58,7.33,SL14,7.42,10.0,10.0,10.0,7.58,0.12,Uganda,0,0,82.92
545,1400.0,7.75,7.58,7.58,7.5,7.5,SL14,7.5,10.0,10.0,10.0,7.5,0.12,Uganda,0,4,82.92
546,1500.0,7.75,7.5,7.42,7.58,7.67,Bourbon,7.5,10.0,10.0,10.0,7.5,0.1,Guatemala,0,1,82.92
547,1500.0,7.67,7.83,7.42,7.5,7.33,Caturra,7.5,10.0,10.0,10.0,7.67,0.1,Guatemala,0,2,82.92
549,1900.0,7.58,7.5,7.75,7.33,7.58,Caturra,7.58,10.0,10.0,10.0,7.58,0.11,Colombia,0,2,82.92
550,1750.0,7.75,7.5,7.25,7.5,7.75,Caturra,7.5,10.0,10.0,10.0,7.67,0.0,Colombia,0,0,82.92
551,1706.88,7.83,7.75,7.25,7.92,7.5,Bourbon,7.17,10.0,10.0,10.0,7.5,0.11,Guatemala,0,2,82.92
552,1450.0,7.83,7.67,7.42,7.42,7.5,Other,7.58,10.0,10.0,10.0,7.5,0.11,Colombia,3,5,82.92
553,1248.0,7.58,7.58,7.33,7.25,7.58,Typica,7.75,10.0,10.0,10.0,7.83,0.1,Mexico,0,4,82.92
554,1040.0,7.67,7.33,7.17,7.58,8.08,Other,7.42,10.0,10.0,10.0,7.67,0.0,Vietnam,0,17,82.92
555,1400.0,8.0,7.92,7.67,7.17,7.67,Typica,7.42,9.33,10.0,10.0,7.75,0.14,Mexico,1,4,82.92
559,1754.0,7.75,7.58,7.42,7.58,7.5,SL28,7.5,10.0,10.0,10.0,7.5,0.1,Kenya,0,3,82.83
560,1700.0,7.5,7.58,7.33,7.67,7.58,Bourbon,7.58,10.0,10.0,10.0,7.58,0.11,Guatemala,1,2,82.83
561,905.0,7.67,7.58,7.58,7.5,7.5,Yellow Bourbon,7.42,10.0,10.0,10.0,7.58,0.11,Brazil,0,2,82.83
562,1250.0,7.33,7.67,7.67,7.83,7.33,Pacas,7.67,10.0,10.0,10.0,7.33,0.0,El Salvador,0,4,82.83
563,1900.0,7.83,7.92,7.75,7.83,7.75,Bourbon,7.75,9.33,9.33,9.33,8.0,0.11,Rwanda,0,0,82.83
564,1040.0,7.25,7.58,7.5,7.42,7.75,Other,7.42,10.0,10.0,10.0,7.92,0.11,Vietnam,11,0,82.83
565,1219.2,7.58,7.58,7.33,7.67,7.67,Bourbon,7.5,10.0,10.0,10.0,7.5,0.11,Guatemala,0,2,82.83
566,900.0,7.58,7.83,7.33,7.67,7.42,Catuai,7.33,10.0,10.0,10.0,7.67,0.12,Brazil,2,6,82.83
567,1600.0,7.83,7.67,7.5,7.58,7.5,Other,7.67,10.0,10.0,10.0,7.08,0.0,Colombia,0,1,82.83
568,1200.0,7.42,7.58,7.25,7.5,7.75,Other,7.75,10.0,10.0,10.0,7.58,0.0,United States,0,9,82.83
569,1500.0,7.67,7.67,7.75,7.67,7.42,Bourbon,7.17,10.0,10.0,10.0,7.5,0.1,Guatemala,0,4,82.83
570,1800.0,7.5,7.42,7.58,7.5,7.58,Typica,7.58,10.0,10.0,10.0,7.67,0.0,Colombia,4,4,82.83
571,1775.0,7.83,7.5,7.5,7.42,7.5,Caturra,7.5,10.0,10.0,10.0,7.58,0.11,Colombia,0,3,82.83
572,1400.0,7.67,7.5,7.33,7.25,7.58,Arusha,7.75,10.0,10.0,10.0,7.75,0.11,"Tanzania, United Republic Of",0,5,82.83
573,1550.0,7.58,7.67,7.5,7.58,7.5,Caturra,7.5,10.0,10.0,10.0,7.5,0.12,Mexico,2,10,82.83
574,1250.0,7.67,7.58,7.42,7.75,7.42,Bourbon,7.42,10.0,10.0,10.0,7.58,0.12,Mexico,0,7,82.83
575,1310.64,7.67,7.67,7.33,7.5,7.33,Bourbon,7.92,10.0,10.0,10.0,7.42,0.11,Guatemala,0,10,82.83
576,1380.0,7.58,7.58,7.5,7.42,7.67,Typica,7.58,10.0,10.0,10.0,7.5,0.11,Mexico,0,2,82.83
578,1100.0,7.5,7.58,7.42,7.67,7.58,Caturra,7.5,10.0,10.0,10.0,7.5,0.1,Guatemala,0,3,82.75
579,1800.0,7.58,7.67,7.5,7.58,7.5,Caturra,7.42,10.0,10.0,10.0,7.5,0.11,Guatemala,0,8,82.75
580,1700.0,7.5,7.67,7.17,7.67,7.67,Bourbon,7.58,10.0,10.0,10.0,7.5,0.11,Guatemala,0,4,82.75
581,1219.2,7.5,7.5,7.42,7.58,7.67,Bourbon,7.5,10.0,10.0,10.0,7.58,0.1,Guatemala,0,1,82.75
582,1219.2,7.42,7.58,7.42,7.67,7.5,Bourbon,7.5,10.0,10.0,10.0,7.67,0.1,Guatemala,0,1,82.75
583,1500.0,7.5,7.58,7.42,7.58,7.58,Sulawesi,7.5,10.0,10.0,10.0,7.58,0.12,Indonesia,0,15,82.75
584,157.8864,7.58,7.58,7.33,7.58,7.33,Bourbon,7.67,10.0,10.0,10.0,7.67,0.12,Guatemala,0,0,82.75
585,650.0,7.83,7.67,7.33,7.67,7.58,Yellow Bourbon,7.67,9.33,10.0,10.0,7.67,0.0,Taiwan,0,0,82.75
586,1250.0,7.67,7.67,7.17,7.33,7.58,Bourbon,7.67,10.0,10.0,10.0,7.67,0.0,El Salvador,0,4,82.75
587,1850.0,7.58,7.5,7.42,7.67,7.42,Caturra,7.5,10.0,10.0,10.0,7.67,0.09,Costa Rica,0,1,82.75
588,1400.0,7.58,7.5,7.42,7.58,7.5,Caturra,7.5,10.0,10.0,10.0,7.67,0.09,Honduras,0,6,82.75
589,905.0,7.5,7.5,7.58,7.5,7.58,Yellow Bourbon,7.58,10.0,10.0,10.0,7.5,0.11,Brazil,0,1,82.75
590,1100.0,7.67,7.5,7.33,7.33,7.67,Catimor,7.67,10.0,10.0,10.0,7.58,0.1,China,0,0,82.75
591,1500.0,7.5,7.67,7.42,7.67,7.5,Catimor,7.5,10.0,10.0,10.0,7.5,0.11,China,0,2,82.75
592,1775.0,7.5,7.58,7.58,7.75,7.33,Caturra,7.5,10.0,10.0,10.0,7.5,0.0,Colombia,0,2,82.75
593,1442.0,7.75,7.58,7.42,7.5,7.33,Gesha,7.5,10.0,10.0,10.0,7.67,0.12,Malawi,0,0,82.75
594,1524.0,7.75,7.42,7.25,7.75,7.5,Pacas,7.67,10.0,10.0,10.0,7.42,0.13,Guatemala,0,2,82.75
595,165.0,7.67,7.42,7.42,7.58,7.33,Typica,7.67,10.0,10.0,10.0,7.67,0.12,Colombia,0,0,82.75
598,1300.0,7.58,7.33,7.17,7.33,7.25,Caturra,8.58,10.0,10.0,10.0,7.5,0.1,Colombia,0,2,82.75
599,1550.0,7.58,7.58,7.5,7.5,7.5,Typica,7.5,10.0,10.0,10.0,7.58,0.12,Mexico,0,6,82.75
600,1200.0,7.58,7.58,7.33,7.75,7.25,Typica,7.58,10.0,10.0,10.0,7.67,0.12,Mexico,0,0,82.75
601,1200.0,8.08,8.17,8.0,8.0,7.83,Typica,7.92,6.67,10.0,10.0,8.08,0.12,Mexico,1,4,82.75
602,1625.0,7.5,7.58,7.42,7.67,7.5,Caturra,7.58,10.0,10.0,10.0,7.5,0.0,Colombia,0,0,82.75
603,1775.0,7.67,7.58,7.58,7.58,7.5,Caturra,7.42,10.0,10.0,10.0,7.42,0.11,Colombia,0,3,82.75
605,1100.0,7.42,7.42,7.5,7.58,7.5,Catuai,7.75,10.0,10.0,10.0,7.58,0.0,Panama,0,4,82.75
607,890.0,7.5,7.58,7.25,7.75,7.58,Bourbon,7.5,10.0,10.0,10.0,7.5,0.0,Brazil,0,4,82.67
608,934.0,7.5,7.58,7.5,7.67,7.5,Bourbon,7.42,10.0,10.0,10.0,7.5,0.11,Brazil,0,3,82.67
609,1300.0,7.67,7.67,7.42,7.42,7.42,Catimor,7.5,10.0,10.0,10.0,7.58,0.13,Laos,0,0,82.67
610,1200.0,7.67,7.67,7.67,7.67,7.5,Pacas,7.67,10.0,10.0,9.33,7.5,0.0,El Salvador,0,7,82.67
613,1.0,7.58,7.5,7.42,7.67,7.5,Yellow Bourbon,7.5,10.0,10.0,10.0,7.5,0.0,Brazil,0,0,82.67
615,1700.0,7.5,7.5,7.5,7.5,7.5,Other,7.58,10.0,10.0,10.0,7.58,0.12,"Tanzania, United Republic Of",0,0,82.67
616,1550.0,7.58,7.5,7.5,7.58,7.33,Bourbon,7.58,10.0,10.0,10.0,7.58,0.12,"Tanzania, United Republic Of",0,4,82.67
617,1200.0,8.0,7.83,7.83,7.42,7.25,Typica,7.25,10.0,10.0,10.0,7.08,0.08,Taiwan,0,0,82.67
618,1296.0,7.67,7.58,7.42,7.5,7.42,Typica,7.5,10.0,10.0,10.0,7.58,0.11,Mexico,0,0,82.67
619,1650.0,7.67,7.5,7.33,7.67,7.5,SL14,7.5,10.0,10.0,10.0,7.5,0.12,Uganda,0,0,82.67
620,1240.0,7.67,7.5,7.5,7.5,7.5,Typica,7.5,10.0,10.0,10.0,7.5,0.11,Taiwan,0,0,82.67
621,1500.0,7.42,7.5,7.5,7.67,7.58,Caturra,7.5,10.0,10.0,10.0,7.5,0.11,Thailand,0,0,82.67
622,1800.0,7.75,7.58,7.67,7.25,7.58,Caturra,7.42,10.0,10.0,10.0,7.42,0.11,Colombia,0,3,82.67
624,1500.0,7.67,7.67,7.17,7.67,7.5,Caturra,7.5,10.0,10.0,10.0,7.5,0.11,Guatemala,0,0,82.67
626,1100.0,7.58,7.58,7.42,7.58,7.42,Other,7.5,10.0,10.0,10.0,7.58,0.11,Mexico,0,2,82.67
627,950.0,7.5,7.58,7.58,7.58,7.42,Typica,7.42,10.0,10.0,10.0,7.58,0.12,Mexico,0,0,82.67
630,1400.0,7.75,7.58,7.25,7.75,7.67,Blue Mountain,7.58,10.0,10.0,10.0,7.08,0.0,Mexico,0,1,82.67
633,1219.2,7.5,7.42,7.42,7.75,7.5,Bourbon,7.5,10.0,10.0,10.0,7.5,0.1,Guatemala,0,2,82.58
634,1050.0,7.67,7.42,7.5,7.42,7.58,Typica,7.5,10.0,10.0,10.0,7.5,0.11,Taiwan,0,0,82.58
638,1250.0,7.83,7.58,7.42,7.33,7.42,Typica,7.5,10.0,10.0,10.0,7.5,0.13,Indonesia,0,6,82.58
640,1450.0,7.42,7.58,7.58,7.42,7.58,Caturra,7.5,10.0,10.0,10.0,7.5,0.12,Thailand,0,1,82.58
641,1317.0,7.75,7.42,7.33,7.5,7.58,Other,7.5,10.0,10.0,10.0,7.5,0.12,"Tanzania, United Republic Of",0,1,82.58
642,1650.0,7.83,7.5,7.42,7.58,7.42,SL14,7.42,10.0,10.0,10.0,7.42,0.12,Uganda,0,0,82.58
643,1300.0,7.67,7.42,7.5,7.67,7.0,Catuai,7.75,10.0,10.0,10.0,7.58,0.11,Costa Rica,0,3,82.58
646,1750.0,7.75,7.25,7.33,7.42,7.5,Caturra,7.83,10.0,10.0,10.0,7.5,0.11,Colombia,0,3,82.58
647,1750.0,7.75,7.5,7.75,7.25,7.33,Caturra,7.58,10.0,10.0,10.0,7.42,0.11,Colombia,0,3,82.58
648,1750.0,7.58,7.5,7.42,7.58,7.67,Caturra,7.42,10.0,10.0,10.0,7.42,0.11,Colombia,0,0,82.58
649,1250.0,7.5,7.58,7.5,7.5,7.42,Typica,7.5,10.0,10.0,10.0,7.58,0.1,Mexico,0,6,82.58
650,1150.0,7.67,7.58,7.58,7.75,7.67,Typica,6.83,10.0,10.0,10.0,7.5,0.12,Mexico,0,0,82.58
651,1775.0,7.33,7.42,7.58,7.42,7.67,Caturra,7.5,10.0,10.0,10.0,7.67,0.11,Colombia,2,2,82.58
652,975.0,7.58,7.5,7.33,7.75,7.5,Mundo Novo,7.5,10.0,10.0,10.0,7.42,0.0,Brazil,0,4,82.58
653,890.0,7.5,7.5,7.5,7.5,7.58,Bourbon,7.5,10.0,10.0,10.0,7.42,0.11,Brazil,0,4,82.5
654,1250.0,7.83,7.75,7.25,7.5,7.42,Other,7.33,10.0,10.0,10.0,7.42,0.11,Indonesia,0,5,82.5
655,1400.0,7.58,7.58,7.33,7.5,7.5,Caturra,7.5,10.0,10.0,10.0,7.5,0.1,Honduras,0,4,82.5
656,1219.2,7.5,7.5,7.33,7.5,7.67,Bourbon,7.5,10.0,10.0,10.0,7.5,0.1,Guatemala,0,2,82.5
658,1450.0,7.33,7.5,7.5,7.5,7.67,Caturra,7.5,10.0,10.0,10.0,7.5,0.11,Thailand,0,0,82.5
659,1600.0,7.67,7.42,7.33,7.58,7.5,Other,7.5,10.0,10.0,10.0,7.5,0.12,"Tanzania, United Republic Of",0,1,82.5
661,1600.0,7.42,7.58,7.5,7.67,7.25,Other,7.5,10.0,10.0,10.0,7.58,0.0,Mexico,0,1,82.5
662,1260.0,7.42,7.5,7.67,7.33,7.42,Yellow Bourbon,7.67,10.0,10.0,10.0,7.5,0.11,Brazil,0,0,82.5
663,1310.64,7.83,7.42,7.33,7.67,7.42,Bourbon,7.5,10.0,10.0,10.0,7.33,0.12,Guatemala,0,4,82.5
664,1750.0,7.5,7.5,7.42,7.42,7.58,Caturra,7.58,10.0,10.0,10.0,7.5,0.11,Colombia,0,1,82.5
665,1310.64,7.83,7.67,7.17,7.33,7.5,Bourbon,7.67,10.0,10.0,10.0,7.33,0.11,Guatemala,0,0,82.5
666,1679.0,7.5,7.58,7.5,7.5,7.42,Typica,7.42,10.0,10.0,10.0,7.58,0.13,Mexico,0,10,82.5
667,1100.0,7.67,7.5,7.33,7.67,7.5,Typica,7.33,10.0,10.0,10.0,7.5,0.12,Mexico,0,5,82.5
668,1650.0,7.92,7.5,7.33,7.58,7.25,Typica,7.42,10.0,10.0,10.0,7.5,0.11,Mexico,0,2,82.5
670,1250.0,7.67,7.42,7.33,7.67,7.5,Bourbon,7.5,10.0,10.0,10.0,7.42,0.0,Brazil,0,4,82.5
671,1775.0,7.67,7.5,7.33,7.5,7.25,Caturra,7.67,10.0,10.0,10.0,7.58,0.11,Colombia,1,3,82.5
674,1500.0,7.42,7.67,7.17,7.58,7.58,Other,7.5,10.0,10.0,10.0,7.5,0.12,Honduras,0,6,82.42
675,1700.0,7.58,7.5,7.33,7.75,7.33,Bourbon,7.5,10.0,10.0,10.0,7.42,0.1,Guatemala,0,2,82.42
676,1700.0,7.67,7.58,7.25,7.67,7.42,Bourbon,7.33,10.0,10.0,10.0,7.5,0.12,Guatemala,0,0,82.42
677,157.8864,7.58,7.5,7.25,7.67,7.5,Bourbon,7.5,10.0,10.0,10.0,7.42,0.12,Guatemala,0,0,82.42
679,1600.0,5.08,7.75,7.83,7.75,7.83,Caturra,8.08,10.0,10.0,10.0,8.08,0.11,Colombia,0,1,82.42
680,1600.0,7.67,7.42,7.42,7.5,7.42,Catimor,7.42,10.0,10.0,10.0,7.58,0.1,China,0,0,82.42
682,2285.0,7.67,7.25,7.42,7.42,7.67,Ruiru 11,7.42,10.0,10.0,10.0,7.58,0.13,"Tanzania, United Republic Of",0,7,82.42
683,1.0,7.17,7.83,7.33,7.5,7.75,Yellow Bourbon,7.42,10.0,10.0,10.0,7.42,0.0,Brazil,0,0,82.42
684,1400.0,7.5,7.5,7.5,7.67,7.42,Caturra,7.5,10.0,10.0,10.0,7.33,0.1,Guatemala,0,0,82.42
685,1296.0,7.42,7.5,7.42,7.58,7.42,Typica,7.5,10.0,10.0,10.0,7.58,0.11,Mexico,0,0,82.42
686,1000.0,7.58,7.67,7.33,7.5,7.5,Catuai,7.42,10.0,10.0,10.0,7.42,0.12,Brazil,0,1,82.42
688,1260.0,7.25,7.33,7.25,7.5,7.42,Yellow Bourbon,7.5,10.0,10.0,10.0,8.17,0.0,Brazil,0,0,82.42
689,1170.0,7.5,7.58,7.5,7.92,7.42,Bourbon,7.67,9.33,10.0,10.0,7.5,0.12,Mexico,0,0,82.42
691,1775.0,7.67,7.42,7.33,7.5,7.58,Caturra,7.5,10.0,10.0,10.0,7.42,0.11,Colombia,0,9,82.42
692,1560.0,7.5,7.42,7.42,7.67,7.42,Typica,7.58,10.0,10.0,10.0,7.42,0.12,Mexico,0,5,82.42
693,1400.0,7.42,7.58,7.5,7.42,7.58,Typica,7.5,10.0,10.0,10.0,7.42,0.13,Mexico,0,2,82.42
694,1300.0,7.42,7.58,7.33,7.58,7.5,Typica,7.5,10.0,10.0,10.0,7.5,0.14,Mexico,0,9,82.42
695,1170.0,7.75,7.33,7.25,7.58,7.58,Caturra,7.33,10.0,10.0,10.0,7.58,0.13,Mexico,0,1,82.42
696,1300.0,7.5,7.58,7.33,7.5,7.5,Typica,7.5,10.0,10.0,10.0,7.5,0.11,Mexico,0,0,82.42
697,1350.0,7.58,7.58,7.17,7.5,7.5,Pacamara,7.5,10.0,10.0,10.0,7.58,0.14,Mexico,0,6,82.42
698,1150.0,7.58,7.33,7.33,7.58,7.5,Caturra,7.5,10.0,10.0,10.0,7.58,0.11,Mexico,0,0,82.42
699,1250.0,7.67,7.58,7.33,7.42,7.58,Bourbon,7.33,10.0,10.0,10.0,7.5,0.13,Mexico,0,4,82.42
700,1450.0,7.83,7.5,7.42,7.67,7.17,Typica,7.33,10.0,10.0,10.0,7.5,0.12,Mexico,0,0,82.42
701,442.0,7.67,7.33,7.25,7.42,7.5,Caturra,7.67,10.0,10.0,10.0,7.58,0.0,Colombia,0,2,82.42
703,1750.0,7.33,7.58,7.17,7.58,7.42,Caturra,7.58,10.0,10.0,10.0,7.75,0.0,Colombia,0,2,82.42
705,1396.0,7.5,7.58,7.33,7.5,7.42,Caturra,7.42,10.0,10.0,10.0,7.58,0.1,Honduras,0,8,82.33
706,982.0,7.33,7.5,7.5,7.33,7.5,Catuai,7.5,10.0,10.0,10.0,7.67,0.11,Brazil,0,11,82.33
708,934.0,7.5,7.5,7.42,7.5,7.42,Bourbon,7.5,10.0,10.0,10.0,7.5,0.11,Brazil,0,3,82.33
709,1850.0,7.75,7.5,7.25,7.25,7.42,Caturra,7.67,10.0,10.0,10.0,7.5,0.1,Costa Rica,6,3,82.33
710,1550.0,7.75,7.33,7.5,7.5,7.33,Catuai,7.58,10.0,10.0,10.0,7.33,0.0,Costa Rica,0,0,82.33
711,1580.0,7.5,7.58,7.42,7.5,7.42,Catimor,7.42,10.0,10.0,10.0,7.5,0.12,China,0,2,82.33
712,1268.0,8.25,7.83,7.25,8.33,8.17,Bourbon,8.08,10.0,6.67,10.0,7.75,0.07,Brazil,0,0,82.33
714,1676.4,7.5,7.42,7.17,7.83,7.5,Bourbon,7.5,10.0,10.0,10.0,7.42,0.1,Guatemala,0,6,82.33
715,1450.0,7.33,7.58,7.42,7.58,7.33,Gesha,7.5,10.0,10.0,10.0,7.58,0.12,Malawi,0,0,82.33
716,1100.0,7.75,8.08,7.67,8.08,8.08,Bourbon,8.0,10.0,10.0,6.67,8.0,0.11,Brazil,0,0,82.33
717,1524.0,7.58,7.67,7.5,7.58,7.75,Pacas,7.5,9.33,10.0,10.0,7.42,0.12,Guatemala,0,3,82.33
719,1300.0,7.42,7.33,7.5,7.17,7.08,Caturra,8.33,10.0,10.0,10.0,7.5,0.1,Colombia,0,2,82.33
720,200.0,7.5,7.5,7.5,7.5,7.5,Typica,7.5,10.0,10.0,10.0,7.33,0.11,Taiwan,0,0,82.33
721,600.0,7.5,7.5,7.5,7.5,7.5,Typica,7.5,10.0,10.0,10.0,7.33,0.11,Taiwan,0,0,82.33
722,1310.64,7.5,7.42,7.58,7.5,7.5,Bourbon,7.58,10.0,10.0,10.0,7.25,0.12,Guatemala,2,1,82.33
723,1750.0,7.5,7.42,7.5,7.5,7.5,Caturra,7.58,10.0,10.0,10.0,7.33,0.0,Colombia,0,1,82.33
724,1300.0,7.67,7.5,7.42,7.5,7.42,Typica,7.42,10.0,10.0,10.0,7.42,0.12,Mexico,0,3,82.33
726,1752.6,7.67,7.5,7.33,7.67,7.5,Bourbon,7.33,10.0,10.0,10.0,7.33,0.11,Guatemala,0,3,82.33
727,441.0,7.58,7.67,7.58,7.33,7.0,Typica,7.58,10.0,10.0,10.0,7.58,0.15,Mexico,1,8,82.33
728,1170.0,7.67,7.58,7.5,7.58,7.5,Bourbon,7.5,10.0,10.0,10.0,7.0,0.13,Mexico,0,9,82.33
729,1310.64,7.5,7.67,7.33,7.5,7.33,Bourbon,7.5,10.0,10.0,10.0,7.5,0.1,Guatemala,2,5,82.33
730,1100.0,7.58,7.5,7.42,7.5,7.5,Mundo Novo,7.42,10.0,10.0,10.0,7.42,0.12,Brazil,0,2,82.33
731,1300.0,8.0,7.75,7.33,7.33,7.08,Typica,7.67,9.33,10.0,10.0,7.83,0.11,Mexico,0,0,82.33
732,950.0,7.58,7.58,7.25,7.58,7.42,Mundo Novo,7.5,10.0,10.0,10.0,7.42,0.11,Brazil,0,2,82.33
733,442.0,7.83,7.58,7.33,7.25,7.58,Caturra,7.42,10.0,10.0,10.0,7.33,0.0,Colombia,0,0,82.33
734,1100.0,7.58,7.5,7.25,7.42,7.67,Catuai,7.33,10.0,10.0,10.0,7.5,0.09,Brazil,2,10,82.25
736,1450.0,7.67,7.5,7.25,7.67,7.42,Pacas,7.42,10.0,10.0,10.0,7.33,0.11,Guatemala,0,2,82.25
737,1.0,7.42,7.67,7.5,7.08,7.5,Yellow Bourbon,7.42,10.0,10.0,10.0,7.67,0.0,Brazil,0,9,82.25
738,1500.0,7.58,7.67,7.5,7.67,7.83,Bourbon,8.42,9.33,9.33,9.33,7.58,0.12,El Salvador,0,0,82.25
739,1350.0,7.58,7.5,7.42,7.58,7.42,Catuai,7.42,10.0,10.0,10.0,7.33,0.11,Honduras,0,2,82.25
740,1180.0,7.58,7.42,7.33,7.42,7.58,Gesha,7.5,10.0,10.0,10.0,7.42,0.13,Malawi,0,0,82.25
741,1100.0,7.75,7.58,7.42,7.42,7.33,Bourbon,7.33,10.0,10.0,10.0,7.42,0.11,Brazil,0,0,82.25
742,650.0,7.5,7.5,7.5,7.5,7.5,Typica,7.5,10.0,10.0,10.0,7.25,0.11,Taiwan,0,0,82.25
743,1338.0,7.58,7.58,7.42,7.42,7.42,Mundo Novo,7.42,10.0,10.0,10.0,7.42,0.12,Mexico,0,4,82.25
745,533.0,7.58,7.58,7.5,7.17,7.42,Bourbon,7.42,10.0,10.0,10.0,7.58,0.16,Mexico,3,8,82.25
746,1390.8024,7.5,7.5,7.33,7.58,7.67,Bourbon,7.33,10.0,10.0,10.0,7.33,0.11,Guatemala,0,2,82.25
747,1170.0,7.5,7.58,7.42,7.67,7.33,Bourbon,7.42,10.0,10.0,10.0,7.33,0.13,Mexico,0,3,82.25
748,1250.0,7.67,7.58,7.33,7.5,7.42,Typica,7.42,10.0,10.0,10.0,7.33,0.12,Mexico,0,13,82.25
750,1100.0,7.33,7.58,7.42,7.67,7.33,Typica,7.5,10.0,10.0,10.0,7.42,0.11,Mexico,0,0,82.25
751,900.0,7.42,7.5,7.42,7.58,7.42,Typica,7.5,10.0,10.0,10.0,7.42,0.1,Mexico,0,3,82.25
752,1750.0,7.5,7.42,7.67,7.33,7.58,Caturra,7.33,10.0,10.0,10.0,7.42,0.12,Colombia,0,1,82.25
753,1775.0,7.67,7.33,7.33,7.33,7.5,Caturra,7.5,10.0,10.0,10.0,7.58,0.11,Colombia,0,0,82.25
756,934.0,7.42,7.42,7.5,7.42,7.42,Bourbon,7.5,10.0,10.0,10.0,7.5,0.11,Brazil,0,5,82.17
757,1500.0,7.5,7.5,7.17,7.42,7.5,Caturra,7.5,10.0,10.0,10.0,7.58,0.11,Honduras,0,2,82.17
759,1650.0,7.58,7.42,7.42,7.33,7.5,Bourbon,7.42,10.0,10.0,10.0,7.5,0.13,"Tanzania, United Republic Of",1,6,82.17
760,1600.0,7.42,7.42,7.42,7.5,7.5,Other,7.33,10.0,10.0,10.0,7.58,0.12,"Tanzania, United Republic Of",0,1,82.17
761,1.0,6.92,7.58,7.42,7.33,7.83,Yellow Bourbon,7.5,10.0,10.0,10.0,7.58,0.0,Brazil,0,1,82.17
763,1350.0,7.67,7.5,7.25,7.42,7.58,Catuai,7.42,10.0,10.0,10.0,7.33,0.11,Honduras,0,2,82.17
764,1500.0,7.42,7.42,7.5,7.5,7.42,Bourbon,7.5,10.0,10.0,10.0,7.42,0.09,Guatemala,0,4,82.17
766,1700.0,7.75,7.42,7.42,7.58,7.33,Other,7.42,10.0,10.0,10.0,7.25,0.12,"Tanzania, United Republic Of",0,1,82.17
767,1100.0,7.42,7.33,7.17,7.42,7.33,Other,8.17,10.0,10.0,10.0,7.33,0.12,Mexico,0,0,82.17
768,1400.0,7.5,7.5,7.33,7.42,7.5,Other,7.42,10.0,10.0,10.0,7.5,0.1,Mexico,1,1,82.17
769,1200.0,7.5,7.5,7.5,7.5,7.5,Typica,7.5,10.0,10.0,10.0,7.17,0.11,Taiwan,0,0,82.17
770,800.0,7.67,7.5,7.5,7.17,7.17,Typica,7.58,10.0,10.0,10.0,7.58,0.0,Taiwan,0,0,82.17
771,1750.0,7.33,7.25,7.25,7.58,7.75,Caturra,7.5,10.0,10.0,10.0,7.5,0.0,Colombia,0,1,82.17
772,1144.0,7.5,7.67,7.0,7.5,7.33,Typica,7.5,10.0,10.0,10.0,7.67,0.15,Mexico,1,9,82.17
773,1350.0,7.25,7.75,7.0,7.75,8.17,Caturra,7.75,10.0,10.0,9.33,7.17,0.12,Guatemala,0,2,82.17
774,1000.0,7.5,7.58,7.25,7.5,7.5,Typica,7.33,10.0,10.0,10.0,7.5,0.12,Mexico,0,4,82.17
775,1200.0,7.0,7.67,7.5,7.5,7.42,Typica,7.5,10.0,10.0,10.0,7.58,0.1,Mexico,0,1,82.17
777,1300.0,7.5,7.5,7.42,7.42,7.5,Bourbon,7.42,10.0,10.0,10.0,7.33,0.15,Indonesia,0,3,82.08
779,894.0,7.42,7.58,7.42,7.5,7.42,Bourbon,7.25,10.0,10.0,10.0,7.5,0.11,Brazil,0,3,82.08
780,1.0,7.25,7.25,7.58,7.58,7.25,Yellow Bourbon,7.92,10.0,10.0,10.0,7.25,0.0,Brazil,0,1,82.08
781,1300.0,7.75,7.42,7.42,7.25,7.17,Caturra,7.42,10.0,10.0,10.0,7.67,0.0,Costa Rica,0,0,82.08
782,1500.0,7.42,7.33,7.42,7.42,7.5,Bourbon,7.58,10.0,10.0,10.0,7.42,0.12,"Tanzania, United Republic Of",0,5,82.08
783,1600.0,7.42,7.5,7.5,7.33,7.33,Other,7.5,10.0,10.0,10.0,7.5,0.12,"Tanzania, United Republic Of",0,3,82.08
785,13.0,7.58,7.33,7.33,7.33,7.5,Caturra,7.67,10.0,10.0,10.0,7.33,0.11,Costa Rica,0,2,82.08
787,1300.0,7.42,7.58,7.5,7.33,7.42,Typica,7.42,10.0,10.0,10.0,7.42,0.13,Mexico,0,7,82.08
788,1800.0,7.5,7.42,7.42,7.5,7.25,Typica,7.5,10.0,10.0,10.0,7.5,0.13,Mexico,3,13,82.08
789,1250.0,7.67,7.5,7.25,7.58,7.42,Typica,7.33,10.0,10.0,10.0,7.33,0.11,Mexico,0,11,82.08
790,1040.0,7.67,8.0,7.17,7.08,7.67,Other,7.08,10.0,10.0,10.0,7.42,0.12,Vietnam,0,2,82.08
791,1250.0,7.58,7.42,7.25,7.75,7.33,Typica,7.42,10.0,10.0,10.0,7.33,0.11,Mexico,0,1,82.08
794,1600.0,7.5,7.5,7.17,7.5,7.5,Caturra,7.42,10.0,10.0,10.0,7.42,0.12,Honduras,0,1,82.0
795,1600.0,7.5,7.5,7.25,7.33,7.42,Caturra,7.5,10.0,10.0,10.0,7.5,0.1,Honduras,0,7,82.0
796,944.0,7.5,7.33,7.42,7.5,7.33,Bourbon,7.42,10.0,10.0,10.0,7.5,0.11,Brazil,0,3,82.0
797,1650.0,7.67,7.33,7.33,7.42,7.42,Other,7.42,10.0,10.0,10.0,7.42,0.13,"Tanzania, United Republic Of",0,20,82.0
798,1250.0,7.42,7.5,7.25,7.33,7.5,Other,7.5,10.0,10.0,10.0,7.5,0.12,Laos,0,0,82.0
799,1350.0,7.42,7.42,7.33,7.58,7.33,Other,7.42,10.0,10.0,10.0,7.5,0.12,"Tanzania, United Republic Of",0,3,82.0
800,2500.0,7.5,7.42,7.33,7.58,7.33,Gesha,7.5,10.0,10.0,10.0,7.33,0.13,Malawi,0,1,82.0
801,600.0,7.33,7.5,7.17,7.42,7.5,Typica,7.33,10.0,10.0,10.0,7.75,0.09,Taiwan,0,0,82.0
803,1300.0,7.5,7.25,7.33,7.33,7.75,Catuai,7.5,10.0,10.0,10.0,7.33,0.1,Costa Rica,0,4,82.0
804,1400.0,7.33,7.33,7.33,7.5,7.5,Caturra,7.83,10.0,10.0,10.0,7.17,0.11,Honduras,0,5,82.0
805,1900.0,7.33,7.33,7.58,7.5,7.5,Caturra,7.58,10.0,10.0,10.0,7.17,0.11,Colombia,0,1,82.0
806,650.0,7.42,7.58,7.33,7.42,8.0,Typica,7.5,9.33,10.0,10.0,7.42,0.12,Taiwan,0,0,82.0
807,1038.5,7.33,7.67,7.42,7.17,7.33,Mundo Novo,7.42,10.0,10.0,10.0,7.67,0.11,Brazil,0,0,82.0
808,940.0,7.67,7.33,7.25,7.5,7.42,Typica,7.42,10.0,10.0,10.0,7.42,0.12,Mexico,0,1,82.0
809,1000.0,7.42,7.5,7.33,7.5,7.33,Mundo Novo,7.5,10.0,10.0,10.0,7.42,0.12,Brazil,0,1,82.0
810,1050.0,7.42,7.5,7.25,7.5,7.5,Catuai,7.42,10.0,10.0,10.0,7.42,0.11,Brazil,0,1,82.0
812,950.0,7.58,7.5,7.17,7.5,7.5,Mundo Novo,7.42,10.0,10.0,10.0,7.33,0.12,Brazil,0,2,82.0
813,1402.08,7.75,7.33,7.33,7.42,7.75,Bourbon,7.67,10.0,10.0,9.33,7.42,0.0,Guatemala,0,10,82.0
814,1775.0,7.33,7.0,7.08,7.42,7.5,Caturra,7.67,10.0,10.0,10.0,8.0,0.07,Colombia,0,2,82.0
815,1901.0,7.58,7.5,7.25,7.58,7.58,Bourbon,7.5,9.33,10.0,10.0,7.58,0.1,Guatemala,0,1,81.92
816,1219.2,7.5,7.5,7.25,7.42,7.42,Bourbon,7.42,10.0,10.0,10.0,7.42,0.11,Guatemala,0,0,81.92
817,1400.0,7.58,7.5,7.25,7.33,7.42,Caturra,7.5,10.0,10.0,10.0,7.33,0.12,Honduras,0,1,81.92
818,1020.0,7.42,7.33,7.33,7.5,7.5,Catuai,7.33,10.0,10.0,10.0,7.5,0.11,Brazil,0,4,81.92
819,1250.0,7.67,7.58,7.33,7.5,7.5,Bourbon,7.67,10.0,10.0,9.33,7.33,0.11,El Salvador,0,2,81.92
820,1550.0,7.58,7.58,7.17,7.83,7.17,Catuai,7.33,10.0,10.0,10.0,7.25,0.11,Guatemala,0,7,81.92
821,1877.0,7.33,7.33,7.33,7.42,7.5,Other,7.58,10.0,10.0,10.0,7.42,0.12,"Tanzania, United Republic Of",0,4,81.92
823,1250.0,7.67,7.08,7.42,7.33,7.75,SL28,7.42,10.0,10.0,10.0,7.25,0.0,Zambia,1,3,81.92
825,1000.0,7.5,7.5,7.42,7.25,7.5,Typica,7.5,10.0,10.0,10.0,7.25,0.11,Taiwan,0,0,81.92
826,1300.0,7.58,7.5,7.25,7.58,7.5,Bourbon,7.25,10.0,10.0,10.0,7.25,0.12,Mexico,0,6,81.92
827,981.0,7.5,7.5,7.25,7.25,7.5,Typica,7.5,10.0,10.0,10.0,7.42,0.13,Mexico,2,7,81.92
828,690.0,7.5,7.42,7.25,7.5,7.33,Mundo Novo,7.33,10.0,10.0,10.0,7.58,0.14,Mexico,2,8,81.92
829,1650.0,7.33,7.58,7.17,7.58,7.42,Other,7.33,10.0,10.0,10.0,7.5,0.12,Mexico,0,4,81.92
830,1000.0,7.67,7.42,7.33,7.83,7.5,Bourbon,7.5,9.33,10.0,10.0,7.33,0.12,Mexico,0,0,81.92
831,1100.0,7.42,7.58,7.25,7.5,7.33,Mundo Novo,7.5,10.0,10.0,10.0,7.33,0.12,Brazil,0,3,81.92
833,157.8864,7.42,7.5,7.25,7.5,7.33,Bourbon,7.42,10.0,10.0,10.0,7.42,0.1,Guatemala,1,1,81.83
834,1900.0,7.25,7.33,7.5,7.33,7.67,Catuai,7.42,10.0,10.0,10.0,7.33,0.0,Costa Rica,1,4,81.83
835,973.0,7.42,7.5,7.42,7.5,7.42,Mundo Novo,7.25,10.0,10.0,10.0,7.33,0.11,Brazil,0,3,81.83
836,1250.0,7.75,7.83,7.58,7.75,7.92,Other,7.83,10.0,10.0,10.0,5.17,0.11,Indonesia,0,0,81.83
838,1.0,7.17,7.58,6.83,7.5,7.75,Yellow Bourbon,7.25,10.0,10.0,10.0,7.75,0.0,Brazil,0,1,81.83
839,1.0,7.58,7.0,6.92,6.92,7.67,Yellow Bourbon,7.5,10.0,10.0,10.0,8.25,0.0,Brazil,0,0,81.83
841,1425.0,7.58,7.5,7.33,7.5,7.17,Catuai,7.33,10.0,10.0,10.0,7.42,0.11,Mexico,0,7,81.83
842,1400.0,7.5,7.5,7.33,7.5,7.42,Catuai,7.25,10.0,10.0,10.0,7.33,0.12,Honduras,0,1,81.83
843,1300.0,7.67,7.5,7.5,7.25,7.08,Caturra,7.42,10.0,10.0,10.0,7.42,0.09,Costa Rica,0,0,81.83
844,700.0,7.67,7.33,7.17,7.25,7.75,Typica,7.33,10.0,10.0,10.0,7.33,0.0,Taiwan,0,0,81.83
845,1300.0,7.42,7.42,7.42,7.33,7.42,Typica,7.42,10.0,10.0,10.0,7.42,0.11,Indonesia,2,6,81.83
846,1556.0,7.58,7.42,7.33,7.33,7.33,Gesha,7.42,10.0,10.0,10.0,7.42,0.13,Malawi,0,0,81.83
847,1100.0,7.33,7.58,7.25,7.17,7.83,Bourbon,7.33,10.0,10.0,10.0,7.33,0.11,Brazil,0,0,81.83
848,1350.0,7.5,7.5,7.33,7.33,7.33,Caturra,7.33,10.0,10.0,10.0,7.5,0.1,Honduras,0,4,81.83
849,1550.0,7.42,7.42,7.25,7.5,7.33,Typica,7.42,10.0,10.0,10.0,7.5,0.11,Mexico,0,0,81.83
850,1775.0,7.5,7.5,7.0,7.42,7.5,Caturra,7.58,10.0,10.0,10.0,7.33,0.0,Colombia,2,0,81.83
852,1250.0,7.75,7.75,7.5,7.42,7.83,Bourbon,7.75,9.33,9.33,9.33,7.83,0.12,Brazil,0,0,81.83
853,1310.64,7.83,7.67,7.33,7.33,7.67,Bourbon,7.83,9.33,10.0,9.33,7.5,0.11,Guatemala,0,1,81.83
854,1500.0,7.83,7.33,7.25,7.58,7.25,Bourbon,7.33,10.0,10.0,10.0,7.25,0.12,Mexico,0,2,81.83
855,1250.0,7.33,7.33,7.25,7.5,7.5,Typica,7.5,10.0,10.0,10.0,7.42,0.12,Mexico,0,10,81.83
856,925.0,7.33,7.67,7.25,7.5,7.5,Mundo Novo,7.25,10.0,10.0,10.0,7.33,0.02,Brazil,0,2,81.83
859,1700.0,7.5,7.5,7.25,7.42,7.42,Bourbon,7.33,10.0,10.0,10.0,7.33,0.11,Guatemala,0,1,81.75
860,1040.0,7.0,7.08,7.33,7.5,7.5,Caturra,7.33,10.0,10.0,10.0,8.0,0.12,Vietnam,0,0,81.75
861,1600.0,7.42,7.42,7.42,7.42,7.33,Other,7.33,10.0,10.0,10.0,7.42,0.12,"Tanzania, United Republic Of",0,4,81.75
863,774.0,7.5,7.5,7.33,7.42,7.25,Bourbon,7.25,10.0,10.0,10.0,7.5,0.13,Mexico,2,9,81.75
864,1250.0,7.42,7.5,7.17,7.67,7.33,Mundo Novo,7.42,10.0,10.0,10.0,7.25,0.13,Mexico,0,23,81.75
865,1100.0,7.42,7.5,7.33,7.58,7.33,Typica,7.33,10.0,10.0,10.0,7.25,0.11,Mexico,0,1,81.75
866,1550.0,7.33,7.42,7.33,7.67,7.42,Caturra,7.25,10.0,10.0,10.0,7.33,0.12,Mexico,10,14,81.75
867,1650.0,7.5,7.42,7.25,7.33,7.67,Typica,7.25,10.0,10.0,10.0,7.33,0.12,Mexico,0,1,81.75
868,1750.0,7.33,7.42,7.33,7.33,7.5,Caturra,7.67,10.0,10.0,10.0,7.17,0.0,Colombia,0,1,81.75
870,890.0,7.42,7.5,7.25,7.5,7.5,Bourbon,7.25,10.0,10.0,10.0,7.25,0.11,Brazil,0,5,81.67
871,1700.0,7.42,7.42,7.08,7.42,7.33,Bourbon,7.42,10.0,10.0,10.0,7.58,0.1,Guatemala,0,1,81.67
872,1219.2,7.42,7.33,7.17,7.67,7.33,Bourbon,7.42,10.0,10.0,10.0,7.33,0.12,Guatemala,0,3,81.67
873,1450.0,7.58,7.5,7.33,7.33,7.42,Catuai,7.25,10.0,10.0,10.0,7.25,0.11,Honduras,0,2,81.67
877,1.0,7.25,7.75,6.92,7.42,7.5,Yellow Bourbon,7.58,10.0,10.0,10.0,7.25,0.0,Brazil,0,0,81.67
878,1500.0,7.42,7.33,7.25,7.42,7.5,Other,7.42,10.0,10.0,10.0,7.33,0.12,"Tanzania, United Republic Of",0,0,81.67
879,1700.0,7.33,7.33,7.5,7.25,7.42,Other,7.33,10.0,10.0,10.0,7.5,0.12,"Tanzania, United Republic Of",0,7,81.67
880,1260.0,7.25,7.42,7.25,7.5,7.5,Bourbon,7.42,10.0,10.0,10.0,7.33,0.1,Brazil,0,2,81.67
882,1400.0,7.5,7.33,7.5,7.5,7.17,Caturra,7.17,10.0,10.0,10.0,7.5,0.1,Honduras,0,5,81.67
883,1850.0,7.5,7.17,7.17,7.17,7.5,Caturra,7.08,10.0,10.0,10.0,8.08,0.11,Costa Rica,0,3,81.67
885,150.0,7.5,7.5,7.5,7.25,7.42,Typica,7.25,10.0,10.0,10.0,7.25,0.11,Taiwan,0,0,81.67
886,750.0,7.58,7.42,7.33,7.42,7.33,Typica,7.33,10.0,10.0,10.0,7.25,0.11,Taiwan,0,0,81.67
887,1400.0,7.5,7.42,7.08,7.58,7.33,Typica,7.33,10.0,10.0,10.0,7.42,0.12,Mexico,0,6,81.67
888,1752.6,7.5,7.67,7.33,7.33,7.33,Bourbon,7.33,10.0,10.0,10.0,7.17,0.11,Guatemala,0,4,81.67
889,1650.0,7.25,7.67,7.58,7.67,7.67,Typica,7.58,8.67,10.0,10.0,7.58,0.13,Mexico,1,13,81.67
890,1400.0,7.67,7.25,7.17,7.75,7.5,Bourbon,7.25,10.0,10.0,10.0,7.08,0.11,Mexico,0,4,81.67
891,1200.0,7.5,7.42,7.33,7.42,7.42,Bourbon,7.42,10.0,10.0,10.0,7.17,0.11,Mexico,0,2,81.67
892,1400.0,7.58,7.42,7.25,7.58,7.25,Bourbon,7.17,10.0,10.0,10.0,7.42,0.11,Mexico,0,2,81.67
893,940.0,7.75,7.58,7.25,7.17,7.58,Caturra,7.33,9.33,10.0,10.0,7.67,0.11,Mexico,0,4,81.67
895,1200.0,7.5,7.42,7.08,7.42,7.5,Catimor,7.33,10.0,10.0,10.0,7.33,0.11,Honduras,0,3,81.58
897,800.0,7.42,7.42,7.25,7.67,7.33,Typica,7.25,10.0,10.0,10.0,7.25,0.1,Taiwan,0,0,81.58
898,13.0,7.58,7.42,7.5,7.17,7.08,Caturra,7.58,10.0,10.0,10.0,7.25,0.12,Costa Rica,0,1,81.58
899,1800.0,7.42,7.42,7.33,7.42,7.42,Other,7.33,10.0,10.0,10.0,7.25,0.12,"Tanzania, United Republic Of",0,5,81.58
900,1100.0,7.42,7.42,7.17,7.58,7.33,Gesha,7.33,10.0,10.0,10.0,7.33,0.13,Malawi,0,0,81.58
901,850.0,7.33,7.17,7.08,7.08,8.33,Typica,8.25,10.0,10.0,9.33,7.0,0.0,Taiwan,0,0,81.58
902,1260.0,7.42,7.42,7.33,7.33,7.5,Yellow Bourbon,7.25,10.0,10.0,10.0,7.33,0.12,Brazil,0,3,81.58
903,1310.64,7.42,7.33,7.17,7.58,7.42,Bourbon,7.5,10.0,10.0,10.0,7.17,0.12,Guatemala,0,1,81.58
904,1400.0,7.67,7.5,7.42,7.5,6.75,Typica,7.42,10.0,10.0,10.0,7.33,0.12,Mexico,0,9,81.58
905,1600.0,7.33,7.5,7.25,7.5,7.5,Marigojipe,7.17,10.0,10.0,10.0,7.33,0.11,Mexico,0,0,81.58
906,1650.0,7.67,7.58,7.42,7.58,7.58,Typica,7.42,10.0,10.0,8.67,7.67,0.11,Mexico,0,2,81.58
910,1219.2,7.67,7.58,7.17,7.42,7.33,Bourbon,7.42,9.33,10.0,10.0,7.58,0.1,Guatemala,0,0,81.5
911,1100.0,7.5,7.42,7.33,7.33,7.25,Caturra,7.33,10.0,10.0,10.0,7.33,0.11,Nicaragua,0,3,81.5
912,1400.0,7.5,7.5,7.33,7.42,7.17,Caturra,7.25,10.0,10.0,10.0,7.33,0.1,Honduras,0,5,81.5
914,180.0,7.5,7.42,7.33,7.08,7.58,Typica,7.25,10.0,10.0,10.0,7.33,0.12,Taiwan,0,2,81.5
915,1219.2,7.25,7.42,7.25,7.5,7.33,Catuai,7.33,10.0,10.0,10.0,7.42,0.0,Myanmar,0,4,81.5
916,1200.0,7.83,7.33,7.08,7.08,7.33,Caturra,7.5,10.0,10.0,10.0,7.33,0.12,Costa Rica,1,2,81.5
917,1599.0,7.67,7.42,6.92,7.5,7.5,Gesha,7.17,10.0,10.0,10.0,7.33,0.12,Malawi,0,0,81.5
918,1219.2,7.5,7.42,7.17,7.58,7.25,Other,7.42,10.0,10.0,10.0,7.17,0.12,Guatemala,0,0,81.5
919,900.0,7.42,7.33,7.67,7.33,7.42,Typica,7.5,10.0,10.0,9.33,7.5,0.11,Taiwan,0,0,81.5
920,1200.0,7.58,7.5,7.5,7.67,7.67,Yellow Bourbon,7.83,9.33,9.33,9.33,7.75,0.0,Brazil,1,1,81.5
921,825.0,7.42,7.33,7.25,7.42,7.42,Blue Mountain,7.33,10.0,10.0,10.0,7.33,0.11,Haiti,0,0,81.5
922,600.0,7.5,7.42,7.25,7.25,7.33,Typica,7.33,10.0,10.0,10.0,7.42,0.11,Taiwan,0,0,81.5
923,1150.0,7.33,7.33,7.17,7.42,7.5,Typica,7.5,10.0,10.0,10.0,7.25,0.13,Mexico,0,2,81.5
924,1600.0,7.58,7.42,7.25,7.42,7.33,Typica,7.33,10.0,10.0,10.0,7.17,0.12,Mexico,0,5,81.5
925,1100.0,7.42,7.25,7.17,7.42,7.17,Catuai,8.0,10.0,10.0,10.0,7.08,0.12,Mexico,0,10,81.5
926,1000.0,7.33,7.5,7.33,7.33,7.33,Typica,7.42,10.0,10.0,10.0,7.25,0.11,Mexico,0,6,81.5
927,1250.0,7.42,7.42,7.33,7.17,7.25,Bourbon,7.42,10.0,10.0,10.0,7.5,0.13,Mexico,0,5,81.5
928,1100.0,7.5,7.5,7.25,7.5,7.42,Typica,7.58,9.33,10.0,10.0,7.42,0.11,Mexico,0,3,81.5
929,1400.0,7.75,7.17,7.17,7.33,7.58,Other,7.33,10.0,10.0,10.0,7.17,0.12,Indonesia,0,0,81.5
930,125.0,7.5,7.42,7.17,7.42,7.5,Bourbon,7.33,10.0,10.0,10.0,7.17,0.12,Brazil,0,2,81.5
934,1100.0,7.58,7.33,7.08,7.33,7.5,Mundo Novo,7.33,10.0,10.0,10.0,7.25,0.12,Mexico,1,17,81.42
935,1371.6,7.42,7.33,7.08,7.58,7.33,Catuai,7.25,10.0,10.0,10.0,7.42,0.1,Guatemala,0,0,81.42
936,1100.0,7.33,7.5,7.5,7.33,6.83,Catuai,7.42,10.0,10.0,10.0,7.5,0.11,Brazil,0,2,81.42
937,1400.0,7.5,7.33,7.17,7.25,7.5,Catuai,7.42,10.0,10.0,10.0,7.25,0.12,Honduras,0,1,81.42
938,110.0,7.83,7.75,7.42,7.17,7.08,Typica,7.08,10.0,10.0,10.0,7.08,0.12,Taiwan,0,0,81.42
939,1422.0,7.58,7.17,7.33,7.42,7.08,Gesha,7.42,10.0,10.0,10.0,7.42,0.12,Malawi,0,0,81.42
940,1100.0,7.25,7.5,7.42,7.17,7.33,Bourbon,7.33,10.0,10.0,10.0,7.42,0.0,Brazil,0,0,81.42
941,1550.0,7.42,7.5,7.17,7.42,7.42,Bourbon,7.42,10.0,10.0,10.0,7.08,0.1,Guatemala,0,6,81.42
942,1550.0,7.67,7.33,7.25,7.17,7.25,Typica,7.42,10.0,10.0,10.0,7.33,0.0,Mexico,1,1,81.42
944,1310.64,7.42,7.33,7.25,7.42,7.42,Bourbon,7.5,10.0,10.0,10.0,7.08,0.12,Guatemala,0,4,81.42
945,763.0,7.42,7.33,7.25,7.17,7.25,Caturra,7.42,10.0,10.0,10.0,7.58,0.13,Mexico,1,8,81.42
946,1100.0,7.42,7.42,7.25,7.25,7.5,Typica,7.33,10.0,10.0,10.0,7.25,0.13,Mexico,0,1,81.42
947,1750.0,7.5,7.42,7.25,7.17,7.17,Caturra,7.75,10.0,10.0,10.0,7.17,0.11,Colombia,0,0,81.42
951,1500.0,7.5,7.5,7.0,7.17,7.5,Caturra,7.33,10.0,10.0,10.0,7.33,0.11,Honduras,0,3,81.33
953,1100.0,7.25,7.33,7.33,7.33,7.33,Catuai,7.42,10.0,10.0,10.0,7.33,0.11,Brazil,0,14,81.33
954,1350.0,7.58,7.42,7.17,7.42,7.17,Catuai,7.17,10.0,10.0,10.0,7.42,0.09,Honduras,0,4,81.33
955,1200.0,7.17,7.33,7.42,7.25,7.42,Yellow Bourbon,7.33,10.0,10.0,10.0,7.42,0.12,Brazil,0,6,81.33
956,1400.0,7.08,7.33,7.42,7.33,7.33,Other,7.5,10.0,10.0,10.0,7.33,0.14,Philippines,0,3,81.33
957,1200.0,7.75,7.33,7.08,7.33,7.33,Gesha,7.25,10.0,10.0,10.0,7.25,0.13,Malawi,0,1,81.33
958,1450.0,7.33,7.33,7.17,7.33,7.5,Catuai,7.33,10.0,10.0,10.0,7.33,0.12,Honduras,0,3,81.33
959,1800.0,7.58,7.42,7.25,7.33,7.25,Typica,7.25,10.0,10.0,10.0,7.25,0.13,Mexico,4,13,81.33
960,1000.0,7.33,7.25,7.17,7.42,7.58,Typica,7.33,10.0,10.0,10.0,7.25,0.12,Mexico,0,4,81.33
961,1100.0,7.5,7.58,7.5,7.5,7.75,Catuai,7.83,9.33,9.33,9.33,7.58,0.11,Brazil,0,0,81.33
962,680.0,7.83,7.75,7.67,7.83,7.83,Typica,7.75,9.33,10.0,10.0,5.25,0.12,Taiwan,0,0,81.25
963,1.0,7.17,7.42,7.17,7.08,6.92,Yellow Bourbon,8.17,10.0,10.0,10.0,7.33,0.0,Brazil,0,1,81.25
964,1100.0,7.08,7.5,7.33,7.17,7.42,Catuai,7.25,10.0,10.0,10.0,7.5,0.1,Nicaragua,0,4,81.25
965,1400.0,7.42,7.17,7.17,7.5,7.33,Catuai,7.25,10.0,10.0,10.0,7.42,0.12,Honduras,0,1,81.25
966,1700.0,7.33,7.42,7.17,7.25,7.42,Pacamara,7.33,10.0,10.0,10.0,7.33,0.09,Guatemala,0,2,81.25
967,1700.0,7.33,7.17,7.17,7.5,7.25,Other,7.42,10.0,10.0,10.0,7.42,0.13,"Tanzania, United Republic Of",0,5,81.25
968,650.0,7.5,7.5,7.25,7.25,7.25,Typica,7.25,10.0,10.0,10.0,7.25,0.11,Taiwan,0,0,81.25
969,1524.0,7.5,7.33,7.5,7.58,7.0,Caturra,7.25,10.0,10.0,10.0,7.08,0.11,Guatemala,0,4,81.25
970,1500.0,7.42,7.42,7.33,7.33,7.5,Typica,7.42,9.33,10.0,10.0,7.5,0.12,Mexico,0,1,81.25
972,1050.0,7.67,7.17,7.17,7.33,7.5,Bourbon,7.17,10.0,10.0,10.0,7.17,0.12,"Tanzania, United Republic Of",0,2,81.17
973,1200.0,7.75,7.58,7.08,7.25,7.08,Caturra,7.25,10.0,10.0,10.0,7.17,0.12,Mexico,0,10,81.17
974,1300.0,7.5,7.5,7.33,7.17,7.08,Caturra,7.17,10.0,10.0,10.0,7.42,0.11,Costa Rica,0,0,81.17
975,1450.0,7.42,7.33,7.0,7.42,7.33,Catuai,7.33,10.0,10.0,10.0,7.33,0.13,Honduras,0,1,81.17
976,1450.0,6.83,7.42,7.42,7.17,7.5,Caturra,7.42,10.0,10.0,10.0,7.42,0.12,Thailand,0,0,81.17
977,1200.0,7.25,7.25,7.25,7.08,7.58,Typica,7.5,10.0,10.0,10.0,7.25,0.0,Philippines,0,4,81.17
978,1550.0,7.58,7.17,7.17,7.33,7.33,Bourbon,7.25,10.0,10.0,10.0,7.33,0.12,"Tanzania, United Republic Of",0,2,81.17
979,995.0,7.58,7.25,7.33,7.08,7.33,Caturra,7.33,10.0,10.0,10.0,7.25,0.12,Malawi,0,12,81.17
980,1300.0,7.33,7.08,7.33,7.25,7.33,Catuai,7.58,10.0,10.0,10.0,7.25,0.11,Costa Rica,0,3,81.17
982,1800.0,7.42,7.25,7.08,7.75,7.42,Typica,7.17,10.0,10.0,10.0,7.08,0.13,Mexico,3,7,81.17
983,1450.0,7.42,7.25,7.33,7.25,7.25,Caturra,7.42,10.0,10.0,10.0,7.25,0.12,Guatemala,0,4,81.17
984,1000.0,7.42,7.33,7.25,7.42,7.5,Mundo Novo,7.17,10.0,10.0,10.0,7.08,0.12,Brazil,0,1,81.17
987,695.0,7.58,7.42,7.5,7.25,7.75,Mundo Novo,7.58,9.33,10.0,9.33,7.33,0.11,Brazil,5,8,81.08
988,1100.0,7.33,7.33,7.33,7.42,7.33,Other,7.33,10.0,10.0,10.0,7.0,0.11,Nicaragua,0,1,81.08
989,1706.88,7.42,7.17,7.33,7.42,7.25,Pache Comun,7.33,10.0,10.0,10.0,7.17,0.0,United States,0,0,81.08
990,1456.0,7.42,7.33,7.33,7.25,7.25,Other,7.33,10.0,10.0,10.0,7.17,0.13,"Tanzania, United Republic Of",0,2,81.08
991,1500.0,7.42,7.25,7.17,7.25,7.25,Caturra,7.58,10.0,10.0,10.0,7.17,0.13,Costa Rica,0,0,81.08
992,853.44,7.67,7.75,7.67,7.58,7.58,Other,7.67,6.67,10.0,10.0,8.5,0.0,United States (Puerto Rico),0,0,81.08
993,1650.0,7.25,7.42,7.33,7.33,7.17,Typica,7.33,10.0,10.0,10.0,7.25,0.13,Mexico,5,16,81.08
994,1300.0,7.33,7.25,7.33,7.42,7.25,Typica,7.42,10.0,10.0,10.0,7.08,0.12,Mexico,0,2,81.08
995,1642.0,7.33,7.33,7.25,7.42,7.25,Typica,7.25,10.0,10.0,10.0,7.25,0.11,Mexico,0,5,81.08
996,1200.0,7.42,7.33,7.25,7.42,7.17,Typica,7.25,10.0,10.0,10.0,7.25,0.1,Mexico,0,1,81.08
999,1450.0,7.42,7.08,7.08,7.33,7.25,Bourbon,7.58,10.0,10.0,10.0,7.25,0.0,El Salvador,0,6,81.0
1002,1600.0,7.67,7.5,7.42,5.25,7.67,Caturra,7.75,10.0,10.0,10.0,7.75,0.0,Colombia,0,4,81.0
1003,1219.2,7.5,7.25,7.0,7.25,7.5,Bourbon,7.25,10.0,10.0,10.0,7.25,0.11,Guatemala,0,1,81.0
1004,758.0,7.25,7.17,7.17,7.25,7.5,Typica,7.33,10.0,10.0,10.0,7.33,0.12,Taiwan,0,0,81.0
1005,1350.0,7.42,7.25,7.25,7.33,7.25,Caturra,7.17,10.0,10.0,10.0,7.33,0.12,Honduras,0,1,81.0
1007,1525.0,7.33,7.33,7.08,7.42,7.17,Other,7.33,10.0,10.0,10.0,7.33,0.12,"Tanzania, United Republic Of",0,5,81.0
1008,1700.0,7.33,6.92,7.17,7.33,7.42,SL14,7.42,10.0,10.0,10.0,7.42,0.12,Uganda,0,3,81.0
1009,1100.0,7.5,6.92,7.33,7.33,7.33,Typica,7.33,10.0,10.0,10.0,7.25,0.11,Taiwan,0,0,81.0
1011,950.0,7.08,7.33,7.33,7.33,7.42,Other,7.25,10.0,10.0,10.0,7.25,0.12,Mexico,0,12,81.0
1012,1100.0,7.58,7.67,7.5,7.67,7.58,Typica,7.5,8.0,10.0,10.0,7.5,0.0,Mexico,0,8,81.0
1013,200.0,7.33,7.17,7.25,7.33,7.33,Other,7.25,10.0,10.0,10.0,7.25,0.0,Taiwan,0,0,80.92
1014,1901.0,7.67,7.67,7.33,7.58,7.67,Bourbon,7.5,9.33,9.33,9.33,7.5,0.1,Guatemala,0,2,80.92
1015,1600.0,7.17,7.58,7.5,7.5,8.0,SL28,7.75,10.0,10.0,10.0,5.42,0.11,Kenya,0,3,80.92
1016,1100.0,7.5,7.33,7.17,7.42,7.5,Bourbon,7.33,9.33,10.0,10.0,7.33,0.11,Mexico,0,11,80.92
1017,1066.8,7.17,7.42,7.0,7.58,7.33,Other,7.0,10.0,10.0,10.0,7.42,0.0,Myanmar,0,5,80.92
1019,1700.0,7.33,7.17,7.17,7.25,7.42,Other,7.33,10.0,10.0,10.0,7.25,0.12,"Tanzania, United Republic Of",0,0,80.92
1020,1200.0,7.25,7.33,7.25,7.25,7.25,Yellow Bourbon,7.33,10.0,10.0,10.0,7.25,0.12,Brazil,0,8,80.92
1021,550.0,7.92,7.67,7.33,7.08,7.08,Typica,7.08,10.0,10.0,10.0,6.75,0.09,Taiwan,0,0,80.92
1022,1100.0,7.17,7.42,7.17,7.25,7.25,Bourbon,7.33,10.0,10.0,10.0,7.33,0.1,Brazil,0,0,80.92
1023,1050.0,7.33,7.08,7.25,7.0,7.5,Caturra,7.42,10.0,10.0,10.0,7.33,0.1,Nicaragua,1,3,80.92
1024,1524.0,7.58,7.42,6.92,7.5,7.25,Pacas,7.17,10.0,10.0,10.0,7.08,0.12,Guatemala,2,5,80.92
1025,900.0,7.42,7.25,7.25,7.25,7.25,Typica,7.25,10.0,10.0,10.0,7.25,0.11,Taiwan,0,0,80.92
1026,688.0,7.25,7.17,7.08,7.08,7.08,Typica,8.08,10.0,10.0,10.0,7.17,0.11,Taiwan,0,0,80.92
1027,300.0,7.42,7.25,7.25,7.25,7.25,Typica,7.25,10.0,10.0,10.0,7.25,0.11,Taiwan,0,0,80.92
1028,1186.0,7.58,7.33,7.08,7.5,7.17,Typica,7.25,10.0,10.0,10.0,7.0,0.13,Mexico,0,12,80.92
1030,1300.0,7.42,7.33,7.17,7.17,7.17,Catimor,7.25,10.0,10.0,10.0,7.33,0.0,Laos,0,0,80.83
1031,1200.0,7.67,7.25,7.08,7.33,7.17,Caturra,7.25,10.0,10.0,10.0,7.08,0.11,Guatemala,0,1,80.83
1032,1210.0,7.17,7.08,7.25,7.42,7.25,Catuai,7.33,10.0,10.0,10.0,7.33,0.13,Mexico,0,7,80.83
1033,1100.0,7.33,7.25,7.33,7.33,7.25,Typica,7.17,10.0,10.0,10.0,7.17,0.11,Mexico,0,3,80.83
1034,100.0,7.5,7.17,7.33,7.25,7.17,Bourbon,7.17,10.0,10.0,10.0,7.25,0.13,Mexico,0,1,80.83
1039,1706.88,7.5,7.33,7.0,7.42,7.17,Caturra,7.17,10.0,10.0,10.0,7.17,0.12,Guatemala,0,1,80.75
1041,1450.0,7.5,7.33,7.0,7.42,7.25,Caturra,7.17,10.0,10.0,10.0,7.08,0.11,Honduras,0,2,80.75
1042,1680.0,7.25,7.33,7.17,7.33,7.33,Caturra,7.17,10.0,10.0,10.0,7.17,0.11,Panama,1,4,80.75
1043,1350.0,7.42,7.17,7.08,7.42,7.25,Catuai,7.25,10.0,10.0,10.0,7.17,0.09,Honduras,0,2,80.75
1044,1450.0,7.25,7.33,7.08,7.5,7.25,Catuai,7.33,10.0,10.0,10.0,7.0,0.13,Honduras,0,1,80.75
1045,1300.0,7.33,7.33,7.25,7.25,7.17,Caturra,7.17,10.0,10.0,10.0,7.25,0.11,Costa Rica,0,0,80.75
1046,1200.0,7.58,7.33,7.42,7.25,7.5,Typica,7.5,9.33,9.33,10.0,7.5,0.11,Mexico,0,2,80.75
1047,1000.0,7.42,7.0,7.42,7.25,7.08,Typica,7.33,10.0,10.0,10.0,7.25,0.12,Haiti,0,0,80.75
1050,1350.0,7.58,7.42,7.0,7.67,7.5,Mandheling,7.5,9.33,9.33,10.0,7.33,0.13,Indonesia,0,1,80.67
1051,1500.0,7.67,7.42,6.83,7.17,7.42,Bourbon,7.17,10.0,10.0,10.0,7.0,0.11,Guatemala,0,0,80.67
1052,185.0,7.83,7.5,7.67,7.67,7.83,Caturra,7.5,6.67,10.0,10.0,8.0,0.11,Costa Rica,0,4,80.67
1053,995.0,7.5,7.25,7.17,7.17,7.25,Caturra,7.17,10.0,10.0,10.0,7.17,0.12,Malawi,0,1,80.67
1054,1200.0,7.25,7.17,7.17,7.25,7.17,Typica,7.42,10.0,10.0,10.0,7.25,0.12,Mexico,0,4,80.67
1055,1550.0,7.67,7.5,7.42,7.67,7.5,Caturra,7.75,10.0,10.0,6.67,8.5,0.0,Colombia,0,1,80.67
1056,1550.0,7.67,7.17,7.0,7.5,7.0,Bourbon,7.0,10.0,10.0,10.0,7.33,0.12,Guatemala,0,5,80.67
1062,1400.0,7.25,7.08,7.08,7.33,7.33,Other,7.25,10.0,10.0,10.0,7.25,0.12,"Tanzania, United Republic Of",0,1,80.58
1063,1200.0,7.42,7.25,7.33,7.0,7.08,Bourbon,7.25,10.0,10.0,10.0,7.25,0.0,Brazil,0,3,80.58
1064,1400.0,7.5,7.17,7.0,7.42,7.33,Caturra,7.0,10.0,10.0,10.0,7.17,0.11,Honduras,0,5,80.58
1065,1383.792,7.17,7.42,6.83,7.5,7.17,Bourbon,7.25,10.0,10.0,10.0,7.25,0.11,Guatemala,0,5,80.58
1068,50.0,7.17,7.17,7.17,7.42,7.17,Other,7.25,10.0,10.0,10.0,7.17,0.0,Taiwan,0,0,80.5
1069,1500.0,7.33,7.25,7.08,7.17,7.25,Caturra,7.17,10.0,10.0,10.0,7.25,0.1,Guatemala,0,4,80.5
1070,1650.0,7.58,7.33,7.0,7.17,7.33,Catuai,7.08,10.0,10.0,10.0,7.0,0.11,Honduras,0,5,80.5
1072,1250.0,7.25,7.33,7.17,7.5,7.33,Yellow Bourbon,7.25,9.33,10.0,10.0,7.33,0.11,Brazil,0,3,80.5
1074,1219.2,7.5,7.17,6.83,7.5,7.17,Other,7.17,10.0,10.0,10.0,7.17,0.11,Guatemala,0,3,80.5
1075,1250.0,7.42,7.42,7.08,7.33,7.67,Yellow Bourbon,7.5,9.33,9.33,10.0,7.42,0.1,Brazil,0,10,80.5
1077,1859.28,7.5,7.5,7.0,7.67,7.17,Bourbon,7.0,10.0,10.0,10.0,6.67,0.12,Guatemala,1,1,80.5
1078,1450.0,7.25,7.25,7.08,7.33,7.25,Typica,7.17,10.0,10.0,10.0,7.17,0.15,Mexico,0,1,80.5
1080,600.0,7.58,7.17,7.17,7.17,7.17,Typica,7.17,10.0,10.0,10.0,7.0,0.14,Taiwan,0,0,80.42
1081,1450.0,7.33,7.17,7.08,7.08,7.33,Bourbon,7.17,10.0,10.0,10.0,7.25,0.0,El Salvador,0,1,80.42
1082,1700.0,7.25,7.08,7.25,7.17,7.33,Other,7.17,10.0,10.0,10.0,7.17,0.17,China,0,14,80.42
1083,600.0,7.25,7.25,7.17,7.25,7.25,Typica,7.25,10.0,10.0,10.0,7.0,0.11,Taiwan,0,0,80.42
1084,1050.0,6.92,7.17,7.08,7.5,7.33,Typica,7.17,10.0,10.0,10.0,7.25,0.1,Mexico,2,4,80.42
1085,1550.0,7.42,7.08,7.08,7.33,7.25,Caturra,7.17,10.0,10.0,10.0,7.08,0.12,Mexico,4,16,80.42
1087,1700.0,7.25,7.17,7.0,7.25,7.42,Bourbon,7.08,10.0,10.0,10.0,7.17,0.13,"Tanzania, United Republic Of",0,5,80.33
1089,600.0,7.25,7.25,7.08,7.25,7.25,Yellow Bourbon,7.25,10.0,10.0,10.0,7.0,0.11,Taiwan,0,0,80.33
1090,1310.64,7.33,7.33,6.83,7.5,7.0,Bourbon,7.17,10.0,10.0,10.0,7.17,0.11,Guatemala,1,4,80.33
1091,940.0,7.25,7.08,7.08,7.33,7.33,Typica,7.17,10.0,10.0,10.0,7.08,0.11,Mexico,0,21,80.33
1094,995.0,7.17,7.33,7.42,7.08,7.0,Catuai,7.0,10.0,10.0,10.0,7.25,0.11,Brazil,0,1,80.25
1095,1400.0,7.25,7.25,7.0,7.0,7.42,Caturra,7.0,10.0,10.0,10.0,7.33,0.1,Honduras,0,4,80.25
1096,1600.0,7.25,7.17,7.0,7.33,7.33,Caturra,7.0,10.0,10.0,10.0,7.17,0.1,Mexico,0,2,80.25
1097,914.4,8.0,7.08,7.0,7.33,7.08,Other,6.92,10.0,10.0,10.0,6.83,0.11,Myanmar,1,26,80.25
1099,900.0,7.08,6.92,7.0,7.25,7.5,Caturra,7.25,10.0,10.0,10.0,7.25,0.11,Nicaragua,0,2,80.25
1102,700.0,7.25,7.08,7.25,7.25,7.17,Typica,7.25,10.0,10.0,10.0,7.0,0.11,Taiwan,0,0,80.25
1103,1400.0,7.0,7.17,7.33,7.33,7.0,Caturra,7.17,10.0,10.0,10.0,7.25,0.11,Guatemala,1,12,80.25
1104,808.0,7.58,7.33,7.17,7.25,6.75,Caturra,7.0,10.0,10.0,10.0,7.17,0.11,Mexico,2,8,80.25
1105,1550.0,7.42,7.25,7.25,7.58,7.42,Catimor,7.33,8.67,10.0,10.0,7.25,0.0,Vietnam,0,2,80.17
1106,1187.5,7.17,7.08,7.08,7.33,7.25,Caturra,7.08,10.0,10.0,10.0,7.17,0.11,Nicaragua,0,2,80.17
1107,1400.0,7.25,7.25,7.0,7.17,7.08,Catuai,7.08,10.0,10.0,10.0,7.33,0.11,Honduras,0,0,80.17
1108,1310.64,7.33,7.33,7.0,7.17,7.17,Bourbon,7.17,10.0,10.0,10.0,7.0,0.11,Guatemala,0,2,80.17
1109,1250.0,7.33,7.08,6.92,7.42,7.25,Typica,7.08,10.0,10.0,10.0,7.08,0.11,Mexico,0,2,80.17
1110,1550.0,7.58,7.42,7.33,7.5,7.08,Typica,7.17,8.67,10.0,10.0,7.42,0.14,Mexico,1,2,80.17
1111,1000.0,7.33,7.33,7.17,7.08,7.25,Bourbon,7.0,10.0,10.0,10.0,7.0,0.12,Mexico,0,12,80.17
1112,1310.64,7.33,7.33,7.0,7.33,7.0,Bourbon,7.0,10.0,10.0,10.0,7.17,0.11,Guatemala,0,5,80.17
1114,1100.0,7.17,7.17,7.0,7.17,7.25,Bourbon,7.25,10.0,10.0,10.0,7.08,0.11,Brazil,0,5,80.08
1115,850.0,7.42,7.25,7.25,7.17,7.0,Typica,7.0,10.0,10.0,10.0,7.0,0.07,Taiwan,0,0,80.08
1117,200.0,7.25,7.25,7.25,7.25,7.08,Typica,7.0,10.0,10.0,10.0,7.0,0.11,Taiwan,0,0,80.08
1118,150.0,7.25,7.25,7.25,7.0,7.25,Typica,7.08,10.0,10.0,10.0,7.0,0.11,Taiwan,0,0,80.08
1119,250.0,7.25,7.25,7.25,7.08,7.17,Typica,7.08,10.0,10.0,10.0,7.0,0.11,Taiwan,0,0,80.08
1120,1300.0,7.33,7.17,7.25,7.08,7.08,Typica,7.08,10.0,10.0,10.0,7.08,0.15,Mexico,0,0,80.08
1121,1300.0,7.25,7.08,7.0,7.17,7.33,Typica,7.17,10.0,10.0,10.0,7.08,0.14,Mexico,1,17,80.08
1122,1250.0,7.33,7.08,6.92,7.08,7.42,Caturra,7.17,10.0,10.0,10.0,7.0,0.1,Nicaragua,0,5,80.0
1124,1400.0,7.58,7.75,7.42,7.5,7.5,Typica,7.5,8.67,8.67,10.0,7.42,0.0,Mexico,0,2,80.0
1125,250.0,7.25,7.25,7.25,7.0,7.25,Typica,7.0,10.0,10.0,10.0,7.0,0.11,Taiwan,0,0,80.0
1127,1250.0,7.25,7.25,7.08,7.17,7.33,Typica,7.33,9.33,10.0,10.0,7.25,0.12,Mexico,0,9,80.0
1128,1100.0,7.08,7.33,7.0,7.33,7.08,Other,7.0,10.0,10.0,10.0,7.17,0.11,Mexico,0,12,80.0
1132,1300.0,7.33,7.08,7.08,7.33,7.42,Bourbon,7.17,9.33,10.0,10.0,7.17,0.12,Mexico,0,4,79.92
1133,1100.0,7.17,7.17,6.92,7.25,7.33,Other,7.08,10.0,10.0,10.0,7.0,0.12,Mexico,1,7,79.92
1134,1100.0,7.5,7.17,7.0,7.17,7.25,Bourbon,7.08,10.0,10.0,10.0,6.75,0.0,Mexico,0,0,79.92
1135,1100.0,7.17,7.08,7.08,7.08,7.5,Catuai,7.33,9.33,10.0,10.0,7.33,0.11,Mexico,0,3,79.92
1136,1250.0,7.33,7.25,7.0,7.42,7.17,Typica,7.17,9.33,10.0,10.0,7.25,0.12,Mexico,0,6,79.92
1137,1250.0,7.17,7.33,7.08,7.58,7.33,Mundo Novo,7.08,10.0,9.33,10.0,7.0,0.11,Mexico,0,0,79.92
1139,1500.0,7.0,7.08,7.0,7.17,7.25,SL34,7.25,10.0,10.0,10.0,7.08,0.11,Kenya,0,5,79.83
1140,1700.0,7.33,7.25,6.92,7.33,7.25,Bourbon,7.33,9.33,10.0,10.0,7.08,0.1,Guatemala,0,2,79.83
1141,1250.0,6.83,7.17,7.17,6.92,7.5,Caturra,7.08,10.0,10.0,10.0,7.17,0.11,Nicaragua,0,0,79.83
1142,1300.0,7.17,7.08,7.0,7.25,7.5,Typica,7.0,10.0,10.0,10.0,6.83,0.12,Mexico,0,3,79.83
1145,1000.0,7.75,7.33,7.17,7.33,7.67,Typica,7.83,9.33,9.33,8.67,7.33,0.0,Taiwan,0,0,79.75
1146,600.0,7.08,7.08,7.25,7.0,7.17,Typica,7.17,10.0,10.0,10.0,7.0,0.1,Taiwan,0,0,79.75
1149,1100.0,7.58,7.5,7.67,7.75,7.67,Catuai,7.58,8.0,8.0,10.0,8.0,0.1,Costa Rica,0,4,79.75
1150,1400.0,7.58,7.08,7.0,7.0,7.5,Typica,6.92,10.0,10.0,10.0,6.67,0.12,Mexico,0,4,79.75
1151,1022.0,7.58,7.08,6.92,7.58,7.5,Bourbon,6.92,10.0,9.33,10.0,6.83,0.13,Mexico,0,4,79.75
1152,1300.0,7.25,7.08,7.0,7.17,7.17,Bourbon,7.08,10.0,10.0,10.0,7.0,0.12,Mexico,0,5,79.75
1153,1450.0,7.25,7.17,7.17,7.08,7.17,Bourbon,7.0,10.0,10.0,10.0,6.92,0.14,Mexico,0,0,79.75
1154,1050.0,7.33,7.25,7.0,7.08,7.08,Typica,7.0,10.0,10.0,10.0,7.0,0.1,Mexico,1,22,79.75
1156,1100.0,7.25,6.83,6.92,7.08,7.25,Typica,7.08,10.0,10.0,10.0,7.33,0.12,Mexico,0,7,79.75
1157,1219.2,7.42,7.42,7.25,7.58,7.42,Bourbon,7.33,9.33,9.33,9.33,7.25,0.1,Guatemala,0,1,79.67
1158,1250.0,7.25,7.08,7.0,6.83,7.33,Bourbon,7.17,10.0,10.0,10.0,7.0,0.0,El Salvador,0,12,79.67
1160,1310.64,7.5,7.0,6.83,7.08,7.08,Bourbon,7.17,10.0,10.0,10.0,7.0,0.11,Guatemala,0,6,79.67
1161,1400.0,7.42,7.25,6.83,7.58,7.17,Typica,6.58,10.0,10.0,10.0,6.83,0.12,Mexico,0,6,79.67
1162,975.0,7.33,7.17,7.0,6.75,7.08,Caturra,7.0,10.0,10.0,10.0,7.33,0.13,Mexico,5,6,79.67
1163,1264.0,6.92,7.17,7.17,7.17,7.08,Mundo Novo,7.08,10.0,10.0,10.0,7.08,0.0,Mexico,0,9,79.67
1165,1250.0,7.08,7.0,6.92,7.33,7.25,Typica,7.08,10.0,10.0,10.0,6.92,0.12,Mexico,0,11,79.58
1166,1550.0,7.25,6.92,6.92,7.33,7.25,Caturra,7.0,10.0,10.0,10.0,6.92,0.13,Mexico,0,5,79.58
1169,1050.0,6.92,6.92,7.0,7.42,7.25,Caturra,7.0,10.0,10.0,10.0,7.0,0.12,Nicaragua,0,6,79.5
1170,700.0,6.92,7.0,7.17,7.0,7.42,Typica,7.0,10.0,10.0,10.0,7.0,0.0,Taiwan,0,1,79.5
1171,1550.0,7.83,7.5,7.42,7.42,7.67,Caturra,7.5,10.0,6.67,10.0,7.5,0.0,Colombia,0,2,79.5
1172,1550.0,7.25,7.08,6.92,7.25,7.58,Caturra,7.08,9.33,10.0,10.0,7.0,0.12,Mexico,1,20,79.5
1173,1100.0,7.25,7.33,7.0,7.25,7.17,Typica,7.17,9.33,10.0,10.0,7.0,0.12,Mexico,0,5,79.5
1174,1219.2,7.08,7.33,7.25,7.58,7.33,Bourbon,7.42,9.33,9.33,9.33,7.42,0.1,Guatemala,0,2,79.42
1175,1219.2,7.25,7.33,6.83,7.0,7.0,Other,7.17,10.0,10.0,10.0,6.83,0.1,Guatemala,1,4,79.42
1176,800.0,7.0,6.83,6.83,7.42,7.33,Typica,7.17,10.0,10.0,10.0,6.83,0.13,Mexico,0,30,79.42
1178,1200.0,7.42,7.25,6.75,7.25,7.42,Caturra,7.25,9.33,9.33,10.0,7.33,0.0,Colombia,0,3,79.33
1179,950.0,7.0,7.0,6.83,7.33,7.42,Typica,6.92,10.0,10.0,10.0,6.83,0.14,Mexico,0,23,79.33
1180,750.0,7.42,7.17,7.08,7.17,7.08,Typica,7.08,9.33,10.0,10.0,7.0,0.14,Mexico,0,19,79.33
1182,850.0,7.08,6.83,6.83,7.25,7.42,Typica,7.08,10.0,10.0,10.0,6.75,0.11,Taiwan,0,0,79.25
1183,1000.0,7.0,7.0,6.92,7.17,7.17,Bourbon,7.08,10.0,10.0,10.0,6.92,0.13,Mexico,0,10,79.25
1184,1219.2,7.33,7.42,7.33,7.42,7.5,Bourbon,7.42,8.67,9.33,9.33,7.42,0.1,Guatemala,0,0,79.17
1185,1650.0,7.58,7.0,6.75,6.92,7.0,Catuai,6.92,10.0,10.0,10.0,7.0,0.11,Honduras,0,5,79.17
1186,1320.0,7.08,7.0,6.92,7.42,7.0,Bourbon,6.92,10.0,10.0,10.0,6.83,0.11,Guatemala,0,6,79.17
1187,1550.0,7.25,7.17,6.75,7.25,7.0,Catuai,6.92,10.0,10.0,10.0,6.83,0.11,Guatemala,0,6,79.17
1189,1550.0,7.25,7.08,6.92,7.08,7.17,Typica,7.17,9.33,10.0,10.0,7.17,0.14,Mexico,0,8,79.17
1190,1450.0,7.17,6.92,6.92,7.08,7.17,Typica,7.0,10.0,10.0,10.0,6.92,0.14,Mexico,0,34,79.17
1191,1200.0,6.75,6.75,6.83,7.25,7.58,Typica,7.08,10.0,10.0,10.0,6.92,0.01,Mexico,0,8,79.17
1192,1700.0,7.58,7.67,7.42,7.42,7.67,Bourbon,7.67,8.67,8.67,8.67,7.67,0.1,Guatemala,0,1,79.08
1193,853.44,7.42,7.08,6.75,7.33,7.33,Other,6.92,10.0,9.33,10.0,6.92,0.13,United States (Puerto Rico),0,0,79.08
1194,1500.0,7.33,7.0,6.92,7.25,7.33,Typica,7.08,9.33,10.0,10.0,6.83,0.16,Mexico,0,2,79.08
1195,1100.0,7.25,7.08,6.75,7.33,7.42,Mundo Novo,7.0,9.33,10.0,10.0,6.92,0.11,Mexico,0,45,79.08
1196,1200.0,7.17,7.25,7.25,7.17,7.25,Typica,7.08,9.33,9.33,10.0,7.25,0.1,Mexico,0,0,79.08
1198,1219.2,7.33,7.17,6.58,7.42,7.08,Other,6.83,10.0,10.0,10.0,6.58,0.12,Guatemala,0,3,79.0
1199,1350.0,7.0,7.0,7.0,7.0,7.0,Pacas,7.0,10.0,10.0,10.0,7.0,0.11,Honduras,0,12,79.0
1200,1400.0,7.67,7.17,7.08,7.25,8.0,Typica,7.5,8.67,9.33,9.33,7.0,0.0,Peru,0,4,79.0
1201,1300.0,6.75,7.08,6.67,7.25,7.17,Mundo Novo,7.08,10.0,10.0,10.0,7.0,0.12,Mexico,0,12,79.0
1202,1550.0,7.5,7.17,6.92,7.5,7.25,Typica,7.0,8.67,10.0,10.0,7.0,0.14,Mexico,3,17,79.0
1203,12.0,7.17,6.83,6.83,7.25,7.17,Typica,6.92,10.0,10.0,10.0,6.83,0.14,Mexico,7,38,79.0
1204,1300.0,7.33,7.0,6.75,7.08,7.17,Typica,7.25,9.33,10.0,10.0,7.0,0.12,Mexico,0,8,78.92
1205,1400.0,7.5,7.0,6.92,7.08,6.92,Typica,6.75,10.0,10.0,10.0,6.75,0.16,Mexico,0,0,78.92
1206,1100.0,7.17,7.0,6.92,7.0,7.0,Caturra,7.0,10.0,10.0,10.0,6.75,0.1,Nicaragua,0,4,78.83
1208,1310.64,7.33,7.08,6.33,7.25,7.0,Bourbon,7.0,10.0,10.0,10.0,6.75,0.12,Guatemala,1,8,78.75
1209,1320.0,7.25,6.83,6.83,7.0,7.17,Typica,7.0,10.0,10.0,10.0,6.67,0.14,Mexico,0,0,78.75
1210,1250.0,7.25,7.33,7.17,7.25,7.08,Typica,7.0,8.67,10.0,10.0,7.0,0.14,Mexico,0,0,78.75
1211,1350.0,7.67,7.17,6.83,7.33,7.58,Bourbon,7.17,9.33,10.0,8.67,7.0,0.12,Mexico,0,0,78.75
1212,1850.0,7.0,6.92,6.83,7.17,7.17,Typica,7.17,10.0,10.0,9.33,7.08,0.0,China,0,5,78.67
1213,1150.0,6.92,6.92,6.67,7.25,7.17,Caturra,6.92,10.0,10.0,10.0,6.83,0.13,Mexico,0,2,78.67
1216,1219.2,7.33,7.17,6.92,7.58,7.25,Other,7.17,8.67,9.33,10.0,7.17,0.12,Guatemala,0,3,78.58
1217,800.0,6.83,6.75,7.17,7.25,7.0,Typica,6.92,10.0,10.0,10.0,6.67,0.1,Taiwan,0,0,78.58
1218,1400.0,7.0,7.0,6.75,7.33,6.92,Typica,6.92,10.0,10.0,10.0,6.67,0.13,Mexico,0,1,78.58
1219,1300.0,7.92,7.58,7.58,7.92,7.92,Typica,7.5,8.0,6.67,10.0,7.5,0.1,Mexico,0,1,78.58
1221,1600.0,7.25,6.75,6.92,6.92,7.25,Bourbon,7.58,9.33,9.33,10.0,7.17,0.0,Mexico,0,0,78.5
1222,1400.0,7.08,6.83,6.83,7.0,7.0,Typica,6.92,10.0,10.0,10.0,6.83,0.12,Mexico,0,14,78.5
1223,1200.0,7.25,7.17,7.0,6.83,7.58,Caturra,7.08,8.67,10.0,10.0,6.92,0.13,Mexico,1,3,78.5
1225,1500.0,7.58,7.17,7.0,7.17,7.33,Typica,7.0,8.0,10.0,10.0,7.17,0.14,Mexico,0,0,78.42
1227,1219.2,7.17,6.5,6.67,7.0,7.17,Other,7.17,10.0,10.0,10.0,6.67,0.1,Guatemala,0,2,78.33
1228,1310.64,7.17,7.17,6.5,7.17,7.0,Bourbon,6.83,10.0,10.0,10.0,6.5,0.11,Guatemala,1,4,78.33
1229,1300.0,7.25,7.25,7.0,7.5,7.33,Typica,7.42,8.0,9.33,10.0,7.75,0.13,Mexico,31,47,78.33
1233,1300.0,6.92,6.83,6.92,6.92,6.92,Java,6.83,10.0,10.0,10.0,6.83,0.13,Indonesia,0,1,78.17
1234,1050.0,7.08,6.83,6.67,7.25,7.25,Typica,6.92,10.0,9.33,10.0,6.75,0.11,Mexico,0,3,78.08
1235,650.0,7.5,7.08,7.33,7.17,7.5,Yellow Bourbon,7.5,6.67,10.0,10.0,7.25,0.0,Taiwan,3,4,78.0
1236,1350.0,6.83,7.0,6.67,7.0,7.0,Pacas,6.83,10.0,10.0,10.0,6.67,0.11,Honduras,2,6,78.0
1238,1219.2,7.42,7.25,6.83,7.33,7.0,Other,6.92,9.33,9.33,9.33,7.25,0.1,Guatemala,1,2,78.0
1239,1200.0,7.33,7.17,6.92,7.08,7.33,Typica,7.0,9.33,9.33,9.33,7.17,0.1,China,0,28,78.0
1240,1310.64,7.0,6.83,6.83,7.17,6.67,Bourbon,6.83,10.0,10.0,10.0,6.67,0.11,Guatemala,3,9,78.0
1241,850.0,7.25,7.33,7.0,7.0,7.25,Other,7.08,10.0,10.0,8.0,7.08,0.12,Mexico,2,7,78.0
1243,1200.0,7.5,7.25,7.42,7.0,7.08,Caturra,6.83,8.67,9.33,10.0,6.83,0.12,Costa Rica,2,4,77.92
1244,1248.0,7.42,7.25,7.0,7.0,7.25,Typica,7.08,8.0,10.0,10.0,6.92,0.11,Mexico,0,3,77.92
1248,1310.64,7.0,6.83,6.67,7.17,6.83,Bourbon,6.83,10.0,10.0,10.0,6.5,0.11,Guatemala,0,2,77.83
1249,775.0,7.17,6.75,6.58,7.33,7.33,Typica,7.17,9.33,9.33,10.0,6.67,0.11,Taiwan,0,0,77.67
1251,1300.0,7.17,6.75,6.58,6.75,6.83,Typica,6.75,10.0,10.0,10.0,6.67,0.13,Mexico,0,3,77.5
1252,1310.64,7.08,6.92,6.33,7.0,6.92,Bourbon,7.0,10.0,10.0,10.0,6.17,0.11,Guatemala,2,15,77.42
1253,890.0,7.5,7.33,7.42,7.58,7.58,Bourbon,6.92,8.0,8.0,10.0,7.0,0.0,Brazil,0,3,77.33
1254,1219.2,7.33,7.0,6.83,7.17,7.17,Other,7.17,9.33,9.33,9.33,6.67,0.1,Guatemala,1,2,77.33
1255,1500.0,7.33,7.0,6.67,7.0,6.92,Typica,6.92,9.33,9.33,10.0,6.83,0.15,Mexico,4,5,77.33
1256,825.0,6.83,6.83,6.83,6.75,6.92,Typica,6.92,9.33,10.0,10.0,6.83,0.1,Haiti,0,1,77.25
1258,1200.0,7.08,7.0,7.0,7.25,7.33,Other,7.25,8.67,8.67,10.0,6.92,0.12,Mexico,1,11,77.17
1259,1200.0,7.42,7.75,7.42,7.67,7.92,Caturra,7.83,8.67,5.33,9.33,7.67,0.0,Peru,7,9,77.0
1261,1200.0,6.67,6.33,6.42,6.83,7.0,Typica,6.92,10.0,10.0,10.0,6.58,0.0,Mexico,0,0,76.75
1263,1100.0,7.17,6.58,6.58,7.0,7.25,Typica,6.58,9.33,9.33,10.0,6.58,0.13,Mexico,0,14,76.42
1264,1310.64,7.5,7.0,6.83,7.5,7.17,Bourbon,7.33,8.67,8.67,8.67,7.0,0.11,Guatemala,0,8,76.33
1268,1400.0,7.42,7.0,6.83,7.08,6.92,Typica,6.83,7.33,10.0,10.0,6.75,0.16,Mexico,2,4,76.17
1270,1250.0,7.08,6.83,6.83,7.17,7.17,Bourbon,7.08,10.0,7.33,10.0,6.58,0.12,Mexico,0,12,76.08
1271,1350.0,6.83,6.83,6.67,6.83,7.0,Pacas,6.83,9.33,8.67,10.0,7.0,0.11,Honduras,0,7,76.0
1274,1310.64,7.92,7.58,7.17,7.58,7.33,Bourbon,7.17,8.0,8.0,8.0,6.83,0.11,Guatemala,0,15,75.58
1276,1100.0,7.5,7.25,6.92,7.0,7.17,Pacamara,6.83,8.0,8.0,10.0,6.83,0.11,Mexico,4,20,75.5
1277,1200.0,7.17,6.92,6.67,6.83,7.25,Mundo Novo,7.75,10.0,6.0,10.0,6.58,0.11,Mexico,0,20,75.17
1278,1100.0,7.25,6.83,6.67,7.08,7.17,Other,6.83,10.0,6.67,10.0,6.67,0.12,Mexico,0,8,75.17
1279,1280.0,7.17,7.17,6.83,7.17,7.42,Typica,6.67,8.67,7.33,10.0,6.75,0.13,Mexico,23,29,75.17
1280,850.0,7.0,6.92,6.75,6.92,7.17,Typica,6.83,10.0,6.67,10.0,6.75,0.14,Mexico,15,7,75.0
1281,1500.0,7.08,6.75,6.58,7.0,7.0,Typica,6.75,8.67,8.67,10.0,6.42,0.17,Mexico,0,6,74.92
1282,1250.0,7.33,6.75,6.67,7.25,7.5,Typica,7.0,10.0,5.33,10.0,7.0,0.12,Mexico,0,30,74.83
1285,1700.0,7.08,7.0,6.83,7.5,7.33,Typica,6.83,8.0,7.33,10.0,6.75,0.12,Mexico,0,7,74.67
1287,1310.64,6.5,6.33,6.5,7.5,7.33,Bourbon,6.83,8.67,10.0,8.67,6.0,0.11,Guatemala,1,1,74.33
1288,1140.0,7.0,6.58,6.67,6.83,7.08,Typica,6.83,10.0,6.67,10.0,6.67,0.14,Mexico,3,11,74.33
1289,1200.0,6.92,6.42,6.17,7.33,7.25,Typica,6.75,10.0,6.67,10.0,6.5,0.13,Mexico,0,27,74.0
1290,1250.0,7.67,7.0,7.17,7.58,7.33,Typica,7.33,10.0,2.67,10.0,7.08,0.12,Mexico,0,19,73.83
1293,1350.0,7.0,7.17,6.83,7.17,7.0,Pacas,7.17,8.0,8.0,8.0,7.08,0.11,Honduras,1,16,73.42
1294,1200.0,7.08,7.08,6.92,7.08,6.92,Typica,6.92,8.0,8.0,8.0,6.92,0.0,Mexico,1,1,72.92
1298,1200.0,6.33,6.5,6.33,6.83,6.33,Caturra,6.5,10.0,6.67,10.0,6.25,0.11,Costa Rica,0,7,71.75
1299,800.0,6.92,6.92,6.92,6.92,7.17,Mundo Novo,7.0,10.0,2.67,10.0,6.58,0.12,Mexico,4,24,71.08
1300,1800.0,6.5,6.67,6.42,7.17,7.33,Bourbon,6.5,8.0,6.0,10.0,6.42,0.11,Mexico,0,0,71.0
1301,1000.0,6.92,7.0,6.83,6.92,7.42,Typica,6.92,6.0,6.0,10.0,6.75,0.12,Mexico,0,1,70.75
1303,1450.0,6.67,6.5,6.17,6.67,6.83,Catuai,6.17,8.0,8.0,8.0,6.33,0.1,Honduras,0,4,69.33
1304,1450.0,7.0,6.17,6.17,6.67,6.5,Catuai,6.17,8.0,8.0,8.0,6.5,0.1,Honduras,0,3,69.17
1305,1450.0,7.0,6.33,6.17,6.5,6.67,Catuai,6.17,8.0,8.0,8.0,6.33,0.1,Honduras,0,4,69.17
1306,900.0,7.08,6.83,6.25,7.42,7.25,Bourbon,6.75,10.0,0.0,10.0,6.75,0.11,Mexico,0,20,68.33
1307,350.0,6.75,6.58,6.42,6.67,7.08,Typica,6.67,9.33,6.0,6.0,6.42,0.14,Haiti,8,16,67.92
1308,1100.0,7.25,6.58,6.33,6.25,6.42,Caturra,6.08,6.0,6.0,6.0,6.17,0.13,Nicaragua,1,5,63.08
1309,1417.32,7.5,6.67,6.67,7.67,7.33,Catuai,6.67,8.0,1.33,1.33,6.67,0.1,Guatemala,0,4,59.83
